case_id,a_mm,b_mm,c_mm,d_mm,source_sigma_crd_mpa
1,160,160,32,16,217
2,160,145,32,16,302
3,160,133,32,16,350
4,160,123,32,16,261
5,160,115,32,16,338
6,160,105,32,16,375
7,160,160,64,32,445
8,160,145,64,32,490
9,160,133,64,32,438
10,160,123,64,32,504
11,160,115,64,32,520
12,160,105,64,32,450
13,240,240,48,24,130
14,240,218,48,24,190
15,240,200,48,24,220
16,240,185,48,24,158
17,240,170,48,24,210
18,240,160,48,24,240
19,240,240,96,48,290
20,240,218,96,48,320
21,240,200,96,48,300
22,240,185,96,48,327
23,240,170,96,48,340
24,240,160,96,48,304
