case_id,a_mm,b_mm,c_mm,d_mm,a_over_b,d_over_c,c_over_a,source_sigma_crd_mpa,source_section_type,source_locator
1,160,160,32,16,1.0,0.5,0.2,217,without_distortional_point,"KSCE Journal of Civil Engineering 27(2), Table 2"
2,160,145,32,16,1.1,0.5,0.2,302,without_distortional_point,"KSCE Journal of Civil Engineering 27(2), Table 2"
3,160,133,32,16,1.2,0.5,0.2,350,without_distortional_point,"KSCE Journal of Civil Engineering 27(2), Table 2"
4,160,123,32,16,1.3,0.5,0.2,261,without_distortional_point,"KSCE Journal of Civil Engineering 27(2), Table 2"
5,160,115,32,16,1.4,0.5,0.2,338,without_distortional_point,"KSCE Journal of Civil Engineering 27(2), Table 2"
6,160,105,32,16,1.5,0.5,0.2,375,without_distortional_point,"KSCE Journal of Civil Engineering 27(2), Table 2"
7,160,160,64,32,1.0,0.5,0.4,445,with_distortional_point,"KSCE Journal of Civil Engineering 27(2), Table 2"
8,160,145,64,32,1.1,0.5,0.4,490,with_distortional_point,"KSCE Journal of Civil Engineering 27(2), Table 2"
9,160,133,64,32,1.2,0.5,0.4,438,with_distortional_point,"KSCE Journal of Civil Engineering 27(2), Table 2"
10,160,123,64,32,1.3,0.5,0.4,504,with_distortional_point,"KSCE Journal of Civil Engineering 27(2), Table 2"
11,160,115,64,32,1.4,0.5,0.4,520,with_distortional_point,"KSCE Journal of Civil Engineering 27(2), Table 2"
12,160,105,64,32,1.5,0.5,0.4,450,with_distortional_point,"KSCE Journal of Civil Engineering 27(2), Table 2"
13,240,240,48,24,1.0,0.5,0.2,130,without_distortional_point,"KSCE Journal of Civil Engineering 27(2), Table 2"
14,240,218,48,24,1.1,0.5,0.2,190,without_distortional_point,"KSCE Journal of Civil Engineering 27(2), Table 2"
15,240,200,48,24,1.2,0.5,0.2,220,without_distortional_point,"KSCE Journal of Civil Engineering 27(2), Table 2"
16,240,185,48,24,1.3,0.5,0.2,158,without_distortional_point,"KSCE Journal of Civil Engineering 27(2), Table 2"
17,240,170,48,24,1.4,0.5,0.2,210,without_distortional_point,"KSCE Journal of Civil Engineering 27(2), Table 2"
18,240,160,48,24,1.5,0.5,0.2,240,without_distortional_point,"KSCE Journal of Civil Engineering 27(2), Table 2"
19,240,240,96,48,1.0,0.5,0.4,290,with_distortional_point,"KSCE Journal of Civil Engineering 27(2), Table 2"
20,240,218,96,48,1.1,0.5,0.4,320,with_distortional_point,"KSCE Journal of Civil Engineering 27(2), Table 2"
21,240,200,96,48,1.2,0.5,0.4,300,with_distortional_point,"KSCE Journal of Civil Engineering 27(2), Table 2"
22,240,185,96,48,1.3,0.5,0.4,327,with_distortional_point,"KSCE Journal of Civil Engineering 27(2), Table 2"
23,240,170,96,48,1.4,0.5,0.4,340,with_distortional_point,"KSCE Journal of Civil Engineering 27(2), Table 2"
24,240,160,96,48,1.5,0.5,0.4,304,with_distortional_point,"KSCE Journal of Civil Engineering 27(2), Table 2"
