case_id,is_complex,a_over_t,a_over_b,c_over_a,cufsm_stress_mpa
1,0,40.0,1.1,0.2,552.72
2,0,40.0,1.2,0.2,572.17
3,0,40.0,1.3,0.2,583.39
4,0,40.0,1.4,0.2,589.87
5,0,40.0,1.5,0.2,594.07
6,0,40.0,1.1,0.25,554.64
7,0,40.0,1.2,0.25,573.67
8,0,40.0,1.3,0.25,584.61
9,0,40.0,1.4,0.25,590.38
10,0,40.0,1.5,0.25,594.48
11,0,40.0,1.1,0.3,547.0
12,0,40.0,1.2,0.3,564.86
13,0,40.0,1.3,0.3,574.92
14,0,40.0,1.4,0.3,581.53
15,0,40.0,1.5,0.3,586.23
16,0,40.0,1.1,0.35,529.72
17,0,40.0,1.2,0.35,544.61
18,0,40.0,1.3,0.35,553.01
19,0,40.0,1.4,0.35,558.48
20,0,40.0,1.5,0.35,562.44
21,0,40.0,1.1,0.4,497.39
22,0,40.0,1.2,0.4,509.69
23,0,40.0,1.3,0.4,515.77
24,0,40.0,1.4,0.4,519.58
25,0,40.0,1.5,0.4,522.3
26,0,40.0,1.1,0.45,448.58
27,0,40.0,1.2,0.45,455.9
28,0,40.0,1.3,0.45,459.98
29,0,40.0,1.4,0.45,462.62
30,0,40.0,1.5,0.45,464.51
31,0,40.0,1.1,0.5,393.56
32,0,40.0,1.2,0.5,398.27
33,0,40.0,1.3,0.5,400.96
34,0,40.0,1.4,0.5,402.72
35,0,40.0,1.5,0.5,403.92
36,0,60.0,1.1,0.2,249.15
37,0,60.0,1.2,0.2,257.26
38,0,60.0,1.3,0.2,261.69
39,0,60.0,1.4,0.2,264.6
40,0,60.0,1.5,0.2,266.72
41,0,60.0,1.1,0.25,248.54
42,0,60.0,1.2,0.25,256.51
43,0,60.0,1.3,0.25,260.8
44,0,60.0,1.4,0.25,263.6
45,0,60.0,1.5,0.25,265.65
46,0,60.0,1.1,0.3,244.47
47,0,60.0,1.2,0.3,252.37
48,0,60.0,1.3,0.3,256.45
49,0,60.0,1.4,0.3,259.03
50,0,60.0,1.5,0.3,260.9
51,0,60.0,1.1,0.35,236.18
52,0,60.0,1.2,0.35,242.83
53,0,60.0,1.3,0.35,246.6
54,0,60.0,1.4,0.35,249.06
55,0,60.0,1.5,0.35,250.85
56,0,60.0,1.1,0.4,221.23
57,0,60.0,1.2,0.4,226.48
58,0,60.0,1.3,0.4,229.44
59,0,60.0,1.4,0.4,231.36
60,0,60.0,1.5,0.4,232.62
61,0,60.0,1.1,0.45,199.6
62,0,60.0,1.2,0.45,203.04
63,0,60.0,1.3,0.45,204.92
64,0,60.0,1.4,0.45,206.03
65,0,60.0,1.5,0.45,206.83
66,0,60.0,1.1,0.5,175.08
67,0,60.0,1.2,0.5,177.11
68,0,60.0,1.3,0.5,178.18
69,0,60.0,1.4,0.5,178.87
70,0,60.0,1.5,0.5,179.37
71,0,80.0,1.1,0.2,140.65
72,0,80.0,1.2,0.2,145.25
73,0,80.0,1.3,0.2,147.87
74,0,80.0,1.4,0.2,149.59
75,0,80.0,1.5,0.2,150.71
76,0,80.0,1.1,0.25,140.13
77,0,80.0,1.2,0.25,144.56
78,0,80.0,1.3,0.25,147.08
79,0,80.0,1.4,0.25,148.73
80,0,80.0,1.5,0.25,149.94
81,0,80.0,1.1,0.3,137.75
82,0,80.0,1.2,0.3,142.07
83,0,80.0,1.3,0.3,144.38
84,0,80.0,1.4,0.3,145.89
85,0,80.0,1.5,0.3,146.99
86,0,80.0,1.1,0.35,132.99
87,0,80.0,1.2,0.35,136.74
88,0,80.0,1.3,0.35,138.87
89,0,80.0,1.4,0.35,140.26
90,0,80.0,1.5,0.35,141.27
91,0,80.0,1.1,0.4,124.55
92,0,80.0,1.2,0.4,127.44
93,0,80.0,1.3,0.4,129.06
94,0,80.0,1.4,0.4,130.12
95,0,80.0,1.5,0.4,130.88
96,0,80.0,1.1,0.45,112.33
97,0,80.0,1.2,0.45,114.18
98,0,80.0,1.3,0.45,115.21
99,0,80.0,1.4,0.45,115.88
100,0,80.0,1.5,0.45,116.37
101,0,80.0,1.1,0.5,98.5
102,0,80.0,1.2,0.5,99.6
103,0,80.0,1.3,0.5,100.22
104,0,80.0,1.4,0.5,100.63
105,0,80.0,1.5,0.5,100.92
106,0,100.0,1.1,0.2,90.16
107,0,100.0,1.2,0.2,93.17
108,0,100.0,1.3,0.2,94.79
109,0,100.0,1.4,0.2,95.81
110,0,100.0,1.5,0.2,96.56
111,0,100.0,1.1,0.25,89.74
112,0,100.0,1.2,0.25,92.64
113,0,100.0,1.3,0.25,94.27
114,0,100.0,1.4,0.25,95.25
115,0,100.0,1.5,0.25,95.97
116,0,100.0,1.1,0.3,88.23
117,0,100.0,1.2,0.3,90.96
118,0,100.0,1.3,0.3,92.47
119,0,100.0,1.4,0.3,93.46
120,0,100.0,1.5,0.3,94.19
121,0,100.0,1.1,0.35,85.16
122,0,100.0,1.2,0.35,87.56
123,0,100.0,1.3,0.35,88.92
124,0,100.0,1.4,0.35,89.82
125,0,100.0,1.5,0.35,90.42
126,0,100.0,1.1,0.4,79.75
127,0,100.0,1.2,0.4,81.59
128,0,100.0,1.3,0.4,82.62
129,0,100.0,1.4,0.4,83.28
130,0,100.0,1.5,0.4,83.76
131,0,100.0,1.1,0.45,71.89
132,0,100.0,1.2,0.45,73.1
133,0,100.0,1.3,0.45,73.77
134,0,100.0,1.4,0.45,74.19
135,0,100.0,1.5,0.45,74.49
136,0,100.0,1.1,0.5,63.03
137,0,100.0,1.2,0.5,63.75
138,0,100.0,1.3,0.5,64.15
139,0,100.0,1.4,0.5,64.42
140,0,100.0,1.5,0.5,64.61
141,0,120.0,1.1,0.2,62.68
142,0,120.0,1.2,0.2,64.75
143,0,120.0,1.3,0.2,65.88
144,0,120.0,1.4,0.2,66.62
145,0,120.0,1.5,0.2,67.16
146,0,120.0,1.1,0.25,62.35
147,0,120.0,1.2,0.25,64.38
148,0,120.0,1.3,0.25,65.47
149,0,120.0,1.4,0.25,66.18
150,0,120.0,1.5,0.25,66.7
151,0,120.0,1.1,0.3,61.3
152,0,120.0,1.2,0.3,63.19
153,0,120.0,1.3,0.3,64.25
154,0,120.0,1.4,0.3,64.94
155,0,120.0,1.5,0.3,65.41
156,0,120.0,1.1,0.35,59.15
157,0,120.0,1.2,0.35,60.82
158,0,120.0,1.3,0.35,61.77
159,0,120.0,1.4,0.35,62.38
160,0,120.0,1.5,0.35,62.8
161,0,120.0,1.1,0.4,55.37
162,0,120.0,1.2,0.4,56.68
163,0,120.0,1.3,0.4,57.39
164,0,120.0,1.4,0.4,57.84
165,0,120.0,1.5,0.4,58.17
166,0,120.0,1.1,0.45,49.94
167,0,120.0,1.2,0.45,50.76
168,0,120.0,1.3,0.45,51.22
169,0,120.0,1.4,0.45,51.52
170,0,120.0,1.5,0.45,51.74
171,0,120.0,1.1,0.5,43.77
172,0,120.0,1.2,0.5,44.27
173,0,120.0,1.3,0.5,44.56
174,0,120.0,1.4,0.5,44.75
175,0,120.0,1.5,0.5,44.88
176,0,140.0,1.1,0.2,46.04
177,0,140.0,1.2,0.2,47.57
178,0,140.0,1.3,0.2,48.43
179,0,140.0,1.4,0.2,48.95
180,0,140.0,1.5,0.2,49.33
181,0,140.0,1.1,0.25,45.89
182,0,140.0,1.2,0.25,47.35
183,0,140.0,1.3,0.25,48.15
184,0,140.0,1.4,0.25,48.68
185,0,140.0,1.5,0.25,49.04
186,0,140.0,1.1,0.3,45.26
187,0,140.0,1.2,0.3,46.58
188,0,140.0,1.3,0.3,47.31
189,0,140.0,1.4,0.3,47.78
190,0,140.0,1.5,0.3,48.13
191,0,140.0,1.1,0.35,43.91
192,0,140.0,1.2,0.35,44.99
193,0,140.0,1.3,0.35,45.6
194,0,140.0,1.4,0.35,45.99
195,0,140.0,1.5,0.35,46.28
196,0,140.0,1.1,0.4,41.4
197,0,140.0,1.2,0.4,42.09
198,0,140.0,1.3,0.4,42.49
199,0,140.0,1.4,0.4,42.76
200,0,140.0,1.5,0.4,42.97
201,0,140.0,1.1,0.45,37.46
202,0,140.0,1.2,0.45,37.79
203,0,140.0,1.3,0.45,37.99
204,0,140.0,1.4,0.45,38.14
205,0,140.0,1.5,0.45,38.25
206,0,140.0,1.1,0.5,32.8
207,0,140.0,1.2,0.5,32.95
208,0,140.0,1.3,0.5,33.04
209,0,140.0,1.4,0.5,33.12
210,0,140.0,1.5,0.5,33.18
211,0,160.0,1.1,0.2,35.27
212,0,160.0,1.2,0.2,36.44
213,0,160.0,1.3,0.2,37.08
214,0,160.0,1.4,0.2,37.49
215,0,160.0,1.5,0.2,37.79
216,0,160.0,1.1,0.25,35.15
217,0,160.0,1.2,0.25,36.26
218,0,160.0,1.3,0.25,36.88
219,0,160.0,1.4,0.25,37.27
220,0,160.0,1.5,0.25,37.55
221,0,160.0,1.1,0.3,34.66
222,0,160.0,1.2,0.3,35.67
223,0,160.0,1.3,0.3,36.23
224,0,160.0,1.4,0.3,36.59
225,0,160.0,1.5,0.3,36.86
226,0,160.0,1.1,0.35,33.62
227,0,160.0,1.2,0.35,34.45
228,0,160.0,1.3,0.35,34.91
229,0,160.0,1.4,0.35,35.22
230,0,160.0,1.5,0.35,35.44
231,0,160.0,1.1,0.4,31.69
232,0,160.0,1.2,0.4,32.23
233,0,160.0,1.3,0.4,32.54
234,0,160.0,1.4,0.4,32.74
235,0,160.0,1.5,0.4,32.9
236,0,160.0,1.1,0.45,28.67
237,0,160.0,1.2,0.45,28.93
238,0,160.0,1.3,0.45,29.09
239,0,160.0,1.4,0.45,29.2
240,0,160.0,1.5,0.45,29.29
241,0,160.0,1.1,0.5,25.11
242,0,160.0,1.2,0.5,25.23
243,0,160.0,1.3,0.5,25.3
244,0,160.0,1.4,0.5,25.36
245,0,160.0,1.5,0.5,25.4
246,0,180.0,1.1,0.2,27.87
247,0,180.0,1.2,0.2,28.8
248,0,180.0,1.3,0.2,29.31
249,0,180.0,1.4,0.2,29.64
250,0,180.0,1.5,0.2,29.87
251,0,180.0,1.1,0.25,27.78
252,0,180.0,1.2,0.25,28.66
253,0,180.0,1.3,0.25,29.14
254,0,180.0,1.4,0.25,29.45
255,0,180.0,1.5,0.25,29.68
256,0,180.0,1.1,0.3,27.39
257,0,180.0,1.2,0.3,28.19
258,0,180.0,1.3,0.3,28.63
259,0,180.0,1.4,0.3,28.92
260,0,180.0,1.5,0.3,29.13
261,0,180.0,1.1,0.35,26.57
262,0,180.0,1.2,0.35,27.22
263,0,180.0,1.3,0.35,27.59
264,0,180.0,1.4,0.35,27.83
265,0,180.0,1.5,0.35,28.01
266,0,180.0,1.1,0.4,25.04
267,0,180.0,1.2,0.4,25.47
268,0,180.0,1.3,0.4,25.71
269,0,180.0,1.4,0.4,25.87
270,0,180.0,1.5,0.4,26.0
271,0,180.0,1.1,0.45,22.66
272,0,180.0,1.2,0.45,22.86
273,0,180.0,1.3,0.45,22.99
274,0,180.0,1.4,0.45,23.07
275,0,180.0,1.5,0.45,23.14
276,0,180.0,1.1,0.5,19.84
277,0,180.0,1.2,0.5,19.93
278,0,180.0,1.3,0.5,19.99
279,0,180.0,1.4,0.5,20.04
280,0,180.0,1.5,0.5,20.07
281,0,200.0,1.1,0.2,22.58
282,0,200.0,1.2,0.2,23.33
283,0,200.0,1.3,0.2,23.75
284,0,200.0,1.4,0.2,24.01
285,0,200.0,1.5,0.2,24.2
286,0,200.0,1.1,0.25,22.5
287,0,200.0,1.2,0.25,23.21
288,0,200.0,1.3,0.25,23.61
289,0,200.0,1.4,0.25,23.86
290,0,200.0,1.5,0.25,24.04
291,0,200.0,1.1,0.3,22.18
292,0,200.0,1.2,0.3,22.83
293,0,200.0,1.3,0.3,23.19
294,0,200.0,1.4,0.3,23.42
295,0,200.0,1.5,0.3,23.59
296,0,200.0,1.1,0.35,21.52
297,0,200.0,1.2,0.35,22.05
298,0,200.0,1.3,0.35,22.35
299,0,200.0,1.4,0.35,22.54
300,0,200.0,1.5,0.35,22.69
301,0,200.0,1.1,0.4,20.29
302,0,200.0,1.2,0.4,20.63
303,0,200.0,1.3,0.4,20.83
304,0,200.0,1.4,0.4,20.96
305,0,200.0,1.5,0.4,21.06
306,0,200.0,1.1,0.45,18.35
307,0,200.0,1.2,0.45,18.52
308,0,200.0,1.3,0.45,18.62
309,0,200.0,1.4,0.45,18.69
310,0,200.0,1.5,0.45,18.74
311,0,200.0,1.1,0.5,16.07
312,0,200.0,1.2,0.5,16.15
313,0,200.0,1.3,0.5,16.19
314,0,200.0,1.4,0.5,16.23
315,0,200.0,1.5,0.5,16.26
316,1,40.0,1.1,0.2,594.77
317,1,40.0,1.2,0.2,616.28
318,1,40.0,1.3,0.2,627.99
319,1,40.0,1.4,0.2,634.56
320,1,40.0,1.5,0.2,639.31
321,1,40.0,1.1,0.25,618.5
322,1,40.0,1.2,0.25,637.9
323,1,40.0,1.3,0.25,648.71
324,1,40.0,1.4,0.25,655.74
325,1,40.0,1.5,0.25,660.85
326,1,40.0,1.1,0.3,624.26
327,1,40.0,1.2,0.3,644.06
328,1,40.0,1.3,0.3,655.1
329,1,40.0,1.4,0.3,662.3
330,1,40.0,1.5,0.3,666.77
331,1,40.0,1.1,0.35,624.28
332,1,40.0,1.2,0.35,644.1
333,1,40.0,1.3,0.35,655.16
334,1,40.0,1.4,0.35,661.66
335,1,40.0,1.5,0.35,665.42
336,1,40.0,1.1,0.4,622.13
337,1,40.0,1.2,0.4,641.8
338,1,40.0,1.3,0.4,652.77
339,1,40.0,1.4,0.4,659.32
340,1,40.0,1.5,0.4,663.06
341,1,40.0,1.1,0.45,619.1
342,1,40.0,1.2,0.45,638.56
343,1,40.0,1.3,0.45,649.41
344,1,40.0,1.4,0.45,656.48
345,1,40.0,1.5,0.45,660.29
346,1,40.0,1.1,0.5,615.67
347,1,40.0,1.2,0.5,634.85
348,1,40.0,1.3,0.5,645.54
349,1,40.0,1.4,0.5,652.52
350,1,40.0,1.5,0.5,657.32
351,1,60.0,1.1,0.2,278.62
352,1,60.0,1.2,0.2,286.99
353,1,60.0,1.3,0.2,291.52
354,1,60.0,1.4,0.2,294.47
355,1,60.0,1.5,0.2,296.61
356,1,60.0,1.1,0.25,281.26
357,1,60.0,1.2,0.25,289.62
358,1,60.0,1.3,0.25,294.24
359,1,60.0,1.4,0.25,297.24
360,1,60.0,1.5,0.25,299.44
361,1,60.0,1.1,0.3,280.69
362,1,60.0,1.2,0.3,289.02
363,1,60.0,1.3,0.3,293.62
364,1,60.0,1.4,0.3,296.62
365,1,60.0,1.5,0.3,298.81
366,1,60.0,1.1,0.35,279.29
367,1,60.0,1.2,0.35,287.54
368,1,60.0,1.3,0.35,292.09
369,1,60.0,1.4,0.35,295.06
370,1,60.0,1.5,0.35,297.23
371,1,60.0,1.1,0.4,277.7
372,1,60.0,1.2,0.4,285.85
373,1,60.0,1.3,0.4,290.35
374,1,60.0,1.4,0.4,293.29
375,1,60.0,1.5,0.4,295.43
376,1,60.0,1.1,0.45,276.1
377,1,60.0,1.2,0.45,284.14
378,1,60.0,1.3,0.45,288.58
379,1,60.0,1.4,0.45,291.47
380,1,60.0,1.5,0.45,293.58
381,1,60.0,1.1,0.5,274.49
382,1,60.0,1.2,0.5,282.41
383,1,60.0,1.3,0.5,286.78
384,1,60.0,1.4,0.5,289.63
385,1,60.0,1.5,0.5,291.7
386,1,80.0,1.1,0.2,159.45
387,1,80.0,1.2,0.2,164.03
388,1,80.0,1.3,0.2,166.54
389,1,80.0,1.4,0.2,168.17
390,1,80.0,1.5,0.2,169.36
391,1,80.0,1.1,0.25,159.45
392,1,80.0,1.2,0.25,164.02
393,1,80.0,1.3,0.25,166.17
394,1,80.0,1.4,0.25,168.17
395,1,80.0,1.5,0.25,169.36
396,1,80.0,1.1,0.3,158.6
397,1,80.0,1.2,0.3,163.12
398,1,80.0,1.3,0.3,165.61
399,1,80.0,1.4,0.3,167.22
400,1,80.0,1.5,0.3,168.4
401,1,80.0,1.1,0.35,157.61
402,1,80.0,1.2,0.35,162.67
403,1,80.0,1.3,0.35,164.53
404,1,80.0,1.4,0.35,166.12
405,1,80.0,1.5,0.35,167.29
406,1,80.0,1.1,0.4,156.64
407,1,80.0,1.2,0.4,161.05
408,1,80.0,1.3,0.4,163.47
409,1,80.0,1.4,0.4,165.05
410,1,80.0,1.5,0.4,166.19
411,1,80.0,1.1,0.45,155.73
412,1,80.0,1.2,0.45,160.07
413,1,80.0,1.3,0.45,162.46
414,1,80.0,1.4,0.45,164.01
415,1,80.0,1.5,0.45,165.14
416,1,80.0,1.1,0.5,154.68
417,1,80.0,1.2,0.5,159.11
418,1,80.0,1.3,0.5,161.46
419,1,80.0,1.4,0.5,162.99
420,1,80.0,1.5,0.5,164.1
421,1,100.0,1.1,0.2,102.79
422,1,100.0,1.2,0.2,105.76
423,1,100.0,1.3,0.2,107.34
424,1,100.0,1.4,0.2,108.36
425,1,100.0,1.5,0.2,109.11
426,1,100.0,1.1,0.25,102.45
427,1,100.0,1.2,0.25,105.31
428,1,100.0,1.3,0.25,106.88
429,1,100.0,1.4,0.25,107.9
430,1,100.0,1.5,0.25,108.65
431,1,100.0,1.1,0.3,101.73
432,1,100.0,1.2,0.3,104.59
433,1,100.0,1.3,0.3,106.14
434,1,100.0,1.4,0.3,107.15
435,1,100.0,1.5,0.3,107.9
436,1,100.0,1.1,0.35,100.97
437,1,100.0,1.2,0.35,103.87
438,1,100.0,1.3,0.35,105.4
439,1,100.0,1.4,0.35,106.39
440,1,100.0,1.5,0.35,107.12
441,1,100.0,1.1,0.4,100.26
442,1,100.0,1.2,0.4,103.21
443,1,100.0,1.3,0.4,104.71
444,1,100.0,1.4,0.4,105.69
445,1,100.0,1.5,0.4,106.4
446,1,100.0,1.1,0.45,99.59
447,1,100.0,1.2,0.45,102.58
448,1,100.0,1.3,0.45,104.07
449,1,100.0,1.4,0.45,105.03
450,1,100.0,1.5,0.45,105.73
451,1,100.0,1.1,0.5,98.95
452,1,100.0,1.2,0.5,101.92
453,1,100.0,1.3,0.5,103.44
454,1,100.0,1.4,0.5,104.39
455,1,100.0,1.5,0.5,105.08
456,1,120.0,1.1,0.2,71.66
457,1,120.0,1.2,0.2,73.74
458,1,120.0,1.3,0.2,74.82
459,1,120.0,1.4,0.2,75.53
460,1,120.0,1.5,0.2,76.04
461,1,120.0,1.1,0.25,71.22
462,1,120.0,1.2,0.25,73.27
463,1,120.0,1.3,0.25,74.34
464,1,120.0,1.4,0.25,75.04
465,1,120.0,1.5,0.25,75.55
466,1,120.0,1.1,0.3,70.66
467,1,120.0,1.2,0.3,72.72
468,1,120.0,1.3,0.3,73.78
469,1,120.0,1.4,0.3,74.46
470,1,120.0,1.5,0.3,74.96
471,1,120.0,1.1,0.35,70.13
472,1,120.0,1.2,0.35,72.21
473,1,120.0,1.3,0.35,73.25
474,1,120.0,1.4,0.35,73.93
475,1,120.0,1.5,0.35,74.42
476,1,120.0,1.1,0.4,69.64
477,1,120.0,1.2,0.4,71.69
478,1,120.0,1.3,0.4,72.77
479,1,120.0,1.4,0.4,73.44
480,1,120.0,1.5,0.4,73.92
481,1,120.0,1.1,0.45,69.19
482,1,120.0,1.2,0.45,71.21
483,1,120.0,1.3,0.45,72.33
484,1,120.0,1.4,0.45,72.98
485,1,120.0,1.5,0.45,73.46
486,1,120.0,1.1,0.5,68.76
487,1,120.0,1.2,0.5,70.75
488,1,120.0,1.3,0.5,71.85
489,1,120.0,1.4,0.5,72.54
490,1,120.0,1.5,0.5,73.01
491,1,140.0,1.1,0.2,52.77
492,1,140.0,1.2,0.2,54.31
493,1,140.0,1.3,0.2,55.1
494,1,140.0,1.4,0.2,55.0
495,1,140.0,1.5,0.2,55.97
496,1,140.0,1.1,0.25,52.37
497,1,140.0,1.2,0.25,53.9
498,1,140.0,1.3,0.25,54.67
499,1,140.0,1.4,0.25,55.18
500,1,140.0,1.5,0.25,55.55
501,1,140.0,1.1,0.3,51.94
502,1,140.0,1.2,0.3,53.46
503,1,140.0,1.3,0.3,54.24
504,1,140.0,1.4,0.3,54.74
505,1,140.0,1.5,0.3,55.1
506,1,140.0,1.1,0.35,51.55
507,1,140.0,1.2,0.35,53.04
508,1,140.0,1.3,0.35,53.85
509,1,140.0,1.4,0.35,54.34
510,1,140.0,1.5,0.35,54.69
511,1,140.0,1.1,0.4,51.19
512,1,140.0,1.2,0.4,52.67
513,1,140.0,1.3,0.4,53.48
514,1,140.0,1.4,0.4,53.98
515,1,140.0,1.5,0.4,54.33
516,1,140.0,1.1,0.45,50.86
517,1,140.0,1.2,0.45,52.32
518,1,140.0,1.3,0.45,53.12
519,1,140.0,1.4,0.45,53.64
520,1,140.0,1.5,0.45,53.99
521,1,140.0,1.1,0.5,50.52
522,1,140.0,1.2,0.5,51.99
523,1,140.0,1.3,0.5,52.78
524,1,140.0,1.4,0.5,53.29
525,1,140.0,1.5,0.5,53.66
526,1,160.0,1.1,0.2,40.47
527,1,160.0,1.2,0.2,41.65
528,1,160.0,1.3,0.2,42.25
529,1,160.0,1.4,0.2,42.63
530,1,160.0,1.5,0.2,42.92
531,1,160.0,1.1,0.25,40.13
532,1,160.0,1.2,0.25,41.29
533,1,160.0,1.3,0.25,41.89
534,1,160.0,1.4,0.25,42.27
535,1,160.0,1.5,0.25,42.55
536,1,160.0,1.1,0.3,39.79
537,1,160.0,1.2,0.3,40.93
538,1,160.0,1.3,0.3,41.55
539,1,160.0,1.4,0.3,41.92
540,1,160.0,1.5,0.3,42.2
541,1,160.0,1.1,0.35,39.48
542,1,160.0,1.2,0.35,40.61
543,1,160.0,1.3,0.35,41.23
544,1,160.0,1.4,0.35,41.62
545,1,160.0,1.5,0.35,41.89
546,1,160.0,1.1,0.4,39.19
547,1,160.0,1.2,0.4,40.33
548,1,160.0,1.3,0.4,40.94
549,1,160.0,1.4,0.4,41.33
550,1,160.0,1.5,0.4,41.61
551,1,160.0,1.1,0.45,38.93
552,1,160.0,1.2,0.45,40.7
553,1,160.0,1.3,0.45,40.67
554,1,160.0,1.4,0.45,41.06
555,1,160.0,1.5,0.45,41.34
556,1,160.0,1.1,0.5,38.68
557,1,160.0,1.2,0.5,39.82
558,1,160.0,1.3,0.5,40.41
559,1,160.0,1.4,0.5,40.79
560,1,160.0,1.5,0.5,41.07
561,1,180.0,1.1,0.2,32.01
562,1,180.0,1.2,0.2,32.93
563,1,180.0,1.3,0.2,33.41
564,1,180.0,1.4,0.2,33.72
565,1,180.0,1.5,0.2,33.94
566,1,180.0,1.1,0.25,31.73
567,1,180.0,1.2,0.25,32.63
568,1,180.0,1.3,0.25,33.12
569,1,180.0,1.4,0.25,33.42
570,1,180.0,1.5,0.25,33.63
571,1,180.0,1.1,0.3,31.44
572,1,180.0,1.2,0.3,32.3
573,1,180.0,1.3,0.3,32.83
574,1,180.0,1.4,0.3,33.14
575,1,180.0,1.5,0.3,33.35
576,1,180.0,1.1,0.35,31.19
577,1,180.0,1.2,0.35,32.1
578,1,180.0,1.3,0.35,32.58
579,1,180.0,1.4,0.35,32.89
580,1,180.0,1.5,0.35,33.11
581,1,180.0,1.1,0.4,30.97
582,1,180.0,1.2,0.4,31.88
583,1,180.0,1.3,0.4,32.35
584,1,180.0,1.4,0.4,32.66
585,1,180.0,1.5,0.4,32.88
586,1,180.0,1.1,0.45,30.76
587,1,180.0,1.2,0.45,31.66
588,1,180.0,1.3,0.45,32.14
589,1,180.0,1.4,0.45,32.44
590,1,180.0,1.5,0.45,32.66
591,1,180.0,1.1,0.5,30.56
592,1,180.0,1.2,0.5,31.46
593,1,180.0,1.3,0.5,31.94
594,1,180.0,1.4,0.5,32.24
595,1,180.0,1.5,0.5,32.45
596,1,200.0,1.1,0.2,25.96
597,1,200.0,1.2,0.2,26.69
598,1,200.0,1.3,0.2,26.87
599,1,200.0,1.4,0.2,27.33
600,1,200.0,1.5,0.2,27.51
601,1,200.0,1.1,0.25,25.7
602,1,200.0,1.2,0.25,26.44
603,1,200.0,1.3,0.25,26.83
604,1,200.0,1.4,0.25,27.08
605,1,200.0,1.5,0.25,27.25
606,1,200.0,1.1,0.3,25.47
607,1,200.0,1.2,0.3,26.21
608,1,200.0,1.3,0.3,26.6
609,1,200.0,1.4,0.3,26.85
610,1,200.0,1.5,0.3,27.02
611,1,200.0,1.1,0.35,25.3
612,1,200.0,1.2,0.35,26.01
613,1,200.0,1.3,0.35,26.39
614,1,200.0,1.4,0.35,26.64
615,1,200.0,1.5,0.35,26.82
616,1,200.0,1.1,0.4,25.09
617,1,200.0,1.2,0.4,25.82
618,1,200.0,1.3,0.4,26.21
619,1,200.0,1.4,0.4,26.45
620,1,200.0,1.5,0.4,26.63
621,1,200.0,1.1,0.45,24.92
622,1,200.0,1.2,0.45,25.65
623,1,200.0,1.3,0.45,26.04
624,1,200.0,1.4,0.45,26.28
625,1,200.0,1.5,0.45,26.46
626,1,200.0,1.1,0.5,24.76
627,1,200.0,1.2,0.5,25.48
628,1,200.0,1.3,0.5,25.87
629,1,200.0,1.4,0.5,26.12
630,1,200.0,1.5,0.5,26.29
