e0,Cc
1.038,0.348
0.754,0.147
1.302,0.407
0.708,0.214
0.715,0.106
0.749,0.173
0.684,0.183
0.908,0.196
0.895,0.272
1.187,0.427
0.929,0.186
1.168,0.312
1.285,0.423
0.79,0.235
1.181,0.412
0.863,0.125
0.666,0.566
0.581,0.175
0.957,0.274
0.909,0.341
0.656,0.189
0.869,0.186
0.691,0.19
1.375,0.531
1.451,0.393
0.689,0.205
0.755,0.243
0.879,0.249
0.726,0.246
0.818,0.237
1.054,0.368
0.891,0.253
1.134,0.342
1.412,0.62
0.78,0.233
1.56,0.496
1.706,0.674
0.96,0.256
1.495,0.309
1.618,0.629
0.641,0.098
0.918,0.302
1.236,0.487
0.97,0.287
1.056,0.286
0.855,0.195
0.6,0.175
1.545,0.499
1.313,0.498
1.067,0.249
0.778,0.25
1.109,0.371
1.006,0.26
1.373,0.576
1.091,0.351
0.729,0.141
0.763,0.239
1.117,0.387
1.885,0.669
0.768,0.265
1.028,0.332
1.927,0.681
0.738,0.228
1.171,0.353
1.933,0.739
1.77,0.593
1.134,0.366
0.908,0.337
0.81,0.257
1.149,0.363
1.682,0.55
0.97,0.253
1.15,0.338
1.698,0.583
1.888,0.588
1.131,0.319
1.831,0.675
1.403,0.4
0.565,0.133
0.861,0.196
1.133,0.426
1.233,0.431
0.885,0.262
1.196,0.488
1.088,0.364
1.474,0.483
0.919,0.252
0.683,0.16
1.407,0.488
0.917,0.309
0.695,0.122
1.589,0.561
1.524,0.557
0.818,0.119
1.005,0.313
1.236,0.095
2.016,0.658
0.985,0.283
1.077,0.098
1.839,0.674
1.192,0.543
0.812,0.185
1.644,0.548
0.649,0.18
0.618,0.12
1.652,0.511
0.641,0.203
1.492,0.254
0.821,0.209
0.665,0.166
0.862,0.109
0.975,0.262
1.164,0.356
0.896,0.279
0.698,0.135
0.615,0.197
0.792,0.266
1.097,0.266
0.73,0.22
1.033,0.251
1.661,0.652
1.35,0.541
1.308,0.422
0.888,0.269
0.869,0.183
1.249,0.342
1.016,0.271
1.192,0.348
1.117,0.293
0.959,0.268
0.719,0.228
1.34,0.405
0.724,0.204
1.183,0.256
0.826,0.167
0.939,0.248
1.523,0.169
0.898,0.27
1.601,0.617
1.339,0.148
0.981,0.207
1.05,0.279
1.012,0.273
0.894,0.169
1.63,0.49
0.65,0.134
0.898,0.267
1.194,0.358
0.598,0.138
1.295,0.431
1.137,0.348
0.736,0.128
1.075,0.341
1.328,0.423
0.783,0.222
0.828,0.229
1.537,0.614
0.636,0.118
1.21,0.379
1.266,0.432
0.559,0.14
1.407,0.469
1.18,0.342
0.608,0.154
1.606,0.579
0.681,0.177
0.633,0.13
1.522,0.594
0.853,0.251
0.685,0.166
1.603,0.549
0.728,0.187
0.897,0.221
0.986,0.209
1.192,0.365
0.867,0.219
1.355,0.379
1.052,0.231
1.664,0.579
0.984,0.238
1.159,0.233
0.769,0.185
0.972,0.226
1.415,0.505
0.698,0.189
1.117,0.336
1.331,0.345
0.703,0.156
0.544,0.143
1.552,0.447
0.828,0.217
0.517,0.127
1.825,0.616
1.413,0.483
0.46,0.128
1.173,0.31
1.112,0.283
0.657,0.164
1.535,0.43
0.896,0.185
0.542,0.095
1.095,0.343
0.933,0.207
0.532,0.099
0.825,0.23
0.912,0.224
0.59,0.093
0.574,0.142
0.845,0.262
0.59,0.097
1.102,0.323
1.12,0.358
0.454,0.095
1.132,0.57
1.109,0.316
0.628,0.198
1.016,0.259
1.217,0.379
0.699,0.243
0.711,0.218
1.161,0.328
0.58,0.15
0.656,0.179
1.351,0.578
1.008,0.354
1.164,0.34
0.768,0.237
0.723,0.222
1.884,0.689
1.219,0.441
1.061,0.175
1.537,0.496
0.906,0.309
1.22,0.39
1.144,0.342
0.642,0.256
1.48,0.397
1.367,0.411
0.643,0.257
1.0,0.169
1.048,0.304
0.694,0.189
1.215,0.302
1.592,0.644
1.056,0.482
0.913,0.16
1.031,0.292
0.633,0.231
1.2,0.261
0.715,0.212
1.158,0.602
1.328,0.458
1.209,0.418
1.047,0.424
0.856,0.183
1.008,0.352
0.764,0.249
0.908,0.208
0.466,0.111
1.045,0.401
0.761,0.221
1.405,0.579
0.801,0.294
0.688,0.179
1.835,0.746
1.152,0.46
0.721,0.187
1.65,0.703
0.658,0.177
0.651,0.154
1.67,0.647
0.813,0.205
1.129,0.373
1.144,0.418
0.499,0.154
1.373,0.614
1.048,0.384
0.455,0.108
1.271,0.304
0.739,0.234
0.99,0.152
0.661,0.38
1.04,0.468
1.03,0.322
0.607,0.134
1.291,0.574
1.003,0.188
0.609,0.156
0.926,0.271
0.807,0.192
0.887,0.279
0.982,0.415
0.854,0.21
0.894,0.343
0.785,0.269
1.395,0.295
0.999,0.3
0.76,0.176
1.458,0.298
0.891,0.164
0.881,0.301
0.794,0.224
1.375,0.501
0.807,0.222
0.638,0.12
1.012,0.299
0.951,0.289
1.214,0.484
0.573,0.128
0.788,0.219
1.599,0.661
0.916,0.312
0.97,0.312
0.957,0.205
0.67,0.175
2.018,0.662
0.554,0.127
0.728,0.211
0.944,0.222
0.535,0.091
0.968,0.281
1.423,0.423
0.711,0.12
0.79,0.21
1.626,0.518
0.594,0.186
0.521,0.136
1.367,0.394
0.853,0.312
0.56,0.065
0.577,0.162
0.835,0.266
1.159,0.132
1.578,0.607
0.864,0.267
1.054,0.348
1.311,0.388
0.786,0.241
0.919,0.504
1.22,0.352
0.825,0.289
0.933,0.162
0.87,0.229
0.634,0.207
1.425,0.493
0.628,0.155
1.267,0.425
1.081,0.353
1.394,0.646
1.838,0.646
1.259,0.388
0.735,0.224
1.001,0.313
1.061,0.35
0.71,0.217
1.888,0.658
0.84,0.217
1.052,0.41
0.88,0.222
0.948,0.302
1.517,0.578
0.935,0.215
0.818,0.217
1.287,0.486
1.257,0.48
0.891,0.309
0.933,0.286
1.805,0.683
0.783,0.285
1.048,0.344
1.528,0.613
1.026,0.304
0.861,0.269
0.97,0.231
0.825,0.259
1.063,0.316
1.161,0.42
0.725,0.236
1.097,0.353
0.866,0.236
0.756,0.222
1.253,0.541
0.949,0.309
0.672,0.201
0.917,0.277
1.524,0.589
0.697,0.219
1.031,0.283
1.282,0.464
0.812,0.249
1.355,0.612
0.812,0.22
1.463,0.477
0.911,0.248
1.278,0.422
0.725,0.211
1.179,0.481
0.735,0.31
0.968,0.252
0.677,0.247
0.923,0.402
0.857,0.238
0.573,0.165
1.039,0.191
0.754,0.203
0.788,0.202
1.286,0.373
0.912,0.248
0.881,0.188
0.794,0.22
0.89,0.285
0.929,0.264
0.911,0.242
0.78,0.265
1.26,0.422
0.762,0.235
1.037,0.321
1.012,0.272
0.892,0.199
1.054,0.342
0.944,0.225
1.381,0.328
1.163,0.362
0.762,0.178
1.287,0.608
0.783,0.179
0.798,0.319
1.312,0.467
1.023,0.334
0.847,0.256
0.865,0.251
1.183,0.397
0.751,0.284
1.455,0.549
0.574,0.126
1.518,0.731
0.702,0.227
0.816,0.234
1.523,0.505
0.693,0.205
0.761,0.172
1.258,0.323
1.028,0.293
0.896,0.131
1.189,0.437
