table,vor_page,a_over_t,a_over_b,c_over_a,cufsm_stress_mpa,printed_q,printed_positive_scale_prediction_mpa,reconstructed_q,reconstructed_positive_scale_prediction_mpa,reconstructed_relative_error_pct
Table 4,9,40.0,1.1,0.2,552.72,-0.6177000000000001,-0.0,1.0478100000000001,555.9201818093533,0.5789878798221956
Table 4,9,40.0,1.2,0.2,572.17,-0.8275999999999999,-0.0,1.07584,570.7916209978665,-0.24090375275415396
Table 4,9,40.0,1.3,0.2,583.39,-1.0587000000000002,-0.0,1.09709,582.0659015100288,-0.22696626441509457
Table 4,9,40.0,1.4,0.2,589.87,-1.311,-0.0,1.11156,589.7430233458401,-0.021526209869950255
Table 4,9,40.0,1.5,0.2,594.07,-1.5845000000000002,-0.0,1.11925,593.8229865053003,-0.04157986343356607
Table 4,9,40.0,1.1,0.25,554.64,-0.6177000000000001,-0.0,1.0478100000000001,556.9754907402396,0.4210822768353539
Table 4,9,40.0,1.2,0.25,573.67,-0.8275999999999999,-0.0,1.07584,571.8751605329012,-0.3128696754403696
Table 4,9,40.0,1.3,0.25,584.61,-1.0587000000000002,-0.0,1.09709,583.170843126339,-0.2461738378852529
Table 4,9,40.0,1.4,0.25,590.38,-1.311,-0.0,1.11156,590.862538520553,0.08173354797808548
Table 4,9,40.0,1.5,0.25,594.48,-1.5845000000000002,-0.0,1.11925,594.950246715543,0.0791021927639279
Table 4,9,40.0,1.1,0.3,547.0,-0.6177000000000001,-0.0,1.0478100000000001,548.662163511003,0.30386901480858736
Table 4,9,40.0,1.2,0.3,564.86,-0.8275999999999999,-0.0,1.07584,563.3394432117248,-0.26919179766229817
Table 4,9,40.0,1.3,0.3,574.92,-1.0587000000000002,-0.0,1.09709,574.4665282506238,-0.07887562606556549
Table 4,9,40.0,1.4,0.3,581.53,-1.311,-0.0,1.11156,582.0434186277,0.08828755656630752
Table 4,9,40.0,1.5,0.3,586.23,-1.5845000000000002,-0.0,1.11925,586.0701143429534,-0.02727353718619477
Table 4,9,40.0,1.1,0.35,529.72,-0.6177000000000001,-0.0,1.0478100000000001,528.1934712581818,-0.288176535116325
Table 4,9,40.0,1.2,0.35,544.61,-0.8275999999999999,-0.0,1.07584,542.3231922947884,-0.41989822170205693
Table 4,9,40.0,1.3,0.35,553.01,-1.0587000000000002,-0.0,1.09709,553.0351641830472,0.00455040289455803
Table 4,9,40.0,1.4,0.35,558.48,-1.311,-0.0,1.11156,560.329386922958,0.331146491003784
Table 4,9,40.0,1.5,0.35,562.44,-1.5845000000000002,-0.0,1.11925,564.2058605145207,0.3139642476567602
Table 4,9,40.0,1.1,0.4,497.39,-0.6177000000000001,-0.0,1.0478100000000001,492.87445446440677,-0.9078480740652645
Table 4,9,40.0,1.2,0.4,509.69,-0.8275999999999999,-0.0,1.07584,506.0593553134512,-0.712324096323021
Table 4,9,40.0,1.3,0.4,515.77,-1.0587000000000002,-0.0,1.09709,516.0550436132085,0.05526564422290408
Table 4,9,40.0,1.4,0.4,519.58,-1.311,-0.0,1.11156,522.8615193636786,0.6315715315598199
Table 4,9,40.0,1.5,0.4,522.3,-1.5845000000000002,-0.0,1.11925,526.4787825648613,0.8000732461920943
Table 4,9,40.0,1.1,0.45,448.58,-0.6177000000000001,-0.0,1.0478100000000001,440.33347567234216,-1.8383620151718365
Table 4,9,40.0,1.2,0.45,455.9,-0.8275999999999999,-0.0,1.07584,452.1128510582381,-0.8306972892656
Table 4,9,40.0,1.3,0.45,459.98,-1.0587000000000002,-0.0,1.09709,461.04298758875154,0.2310943060027665
Table 4,9,40.0,1.4,0.45,462.62,-1.311,-0.0,1.11156,467.1238852638824,0.9735604305655634
Table 4,9,40.0,1.5,0.45,464.51,-1.5845000000000002,-0.0,1.11925,470.35554408363055,1.2584323445416798
Table 4,9,40.0,1.1,0.5,393.56,-0.6177000000000001,-0.0,1.0478100000000001,384.1659825658271,-2.386933995876841
Table 4,9,40.0,1.2,0.5,398.27,-0.8275999999999999,-0.0,1.07584,394.4428194840852,-0.9609512431051273
Table 4,9,40.0,1.3,0.5,400.96,-1.0587000000000002,-0.0,1.09709,402.23385710495523,0.3177017919381621
Table 4,9,40.0,1.4,0.5,402.72,-1.311,-0.0,1.11156,407.5390954284372,1.196636727363218
Table 4,9,40.0,1.5,0.5,403.92,-1.5845000000000002,-0.0,1.11925,410.3585344545308,1.59401229315973
Table 4,9,60.0,1.1,0.2,249.15,-0.6177000000000001,-0.0,1.0478100000000001,249.75481039826224,0.24274950763083716
Table 4,9,60.0,1.2,0.2,257.26,-0.8275999999999999,-0.0,1.07584,256.4360095998954,-0.3202947990766562
Table 4,9,60.0,1.3,0.2,261.69,-1.0587000000000002,-0.0,1.09709,261.50113564465835,-0.07217102500731783
Table 4,9,60.0,1.4,0.2,264.6,-1.311,-0.0,1.11156,264.9501885325511,0.13234638418408962
Table 4,9,60.0,1.5,0.2,266.72,-1.5845000000000002,-0.0,1.11925,266.78316826357354,0.023683362167634975
Table 4,9,60.0,1.1,0.25,248.54,-0.6177000000000001,-0.0,1.0478100000000001,248.92117357623297,0.15336508257543324
Table 4,9,60.0,1.2,0.25,256.51,-0.8275999999999999,-0.0,1.07584,255.5800721316407,-0.3625308441617482
Table 4,9,60.0,1.3,0.25,260.8,-1.0587000000000002,-0.0,1.09709,260.6282916929113,-0.06583907480394666
Table 4,9,60.0,1.4,0.25,263.6,-1.311,-0.0,1.11156,264.0658322600448,0.17671937027494272
Table 4,9,60.0,1.5,0.25,265.65,-1.5845000000000002,-0.0,1.11925,265.89269383304105,0.09135849163977923
Table 4,9,60.0,1.1,0.3,244.47,-0.6177000000000001,-0.0,1.0478100000000001,244.71262312181534,0.09924453790458619
Table 4,9,60.0,1.2,0.3,252.37,-0.8275999999999999,-0.0,1.07584,251.2589386046838,-0.4402509788470098
Table 4,9,60.0,1.3,0.3,256.45,-1.0587000000000002,-0.0,1.09709,256.2218071031125,-0.08898143766328416
Table 4,9,60.0,1.4,0.3,259.03,-1.311,-0.0,1.11156,259.6012286171014,0.22052604605699722
Table 4,9,60.0,1.5,0.3,260.9,-1.5845000000000002,-0.0,1.11925,261.39720314665044,0.19057230611363096
Table 4,9,60.0,1.1,0.35,236.18,-0.6177000000000001,-0.0,1.0478100000000001,235.53571481692083,-0.272794132898288
Table 4,9,60.0,1.2,0.35,242.83,-0.8275999999999999,-0.0,1.07584,241.8365385219038,-0.40911809829766005
Table 4,9,60.0,1.3,0.35,246.6,-1.0587000000000002,-0.0,1.09709,246.6132957010294,0.00539160625685002
Table 4,9,60.0,1.4,0.35,249.06,-1.311,-0.0,1.11156,249.86598635429752,0.3236113202832717
Table 4,9,60.0,1.5,0.35,250.85,-1.5845000000000002,-0.0,1.11925,251.59461048170814,0.29683495384020353
Table 4,9,60.0,1.1,0.4,221.23,-0.6177000000000001,-0.0,1.0478100000000001,219.29866275983423,-0.8729997017428741
Table 4,9,60.0,1.2,0.4,226.48,-0.8275999999999999,-0.0,1.07584,225.16512854767564,-0.5805684618175354
Table 4,9,60.0,1.3,0.4,229.44,-1.0587000000000002,-0.0,1.09709,229.61259190806203,0.07522311195172224
Table 4,9,60.0,1.4,0.4,231.36,-1.311,-0.0,1.11156,232.6410528409934,0.5537054119093173
Table 4,9,60.0,1.5,0.4,232.62,-1.5845000000000002,-0.0,1.11925,234.25051134646972,0.7009334306894149
Table 4,9,60.0,1.1,0.45,199.6,-0.6177000000000001,-0.0,1.0478100000000001,196.07688187880277,-1.7650892390767678
Table 4,9,60.0,1.2,0.45,203.04,-0.8275999999999999,-0.0,1.07584,201.3221410374888,-0.8460692289751779
Table 4,9,60.0,1.3,0.45,204.92,-1.0587000000000002,-0.0,1.09709,205.29865752418445,0.1847830978842776
Table 4,9,60.0,1.4,0.45,206.03,-1.311,-0.0,1.11156,208.00643133888968,0.9592929859193721
Table 4,9,60.0,1.5,0.45,206.83,-1.5845000000000002,-0.0,1.11925,209.4454624816045,1.2645469620482916
Table 4,9,60.0,1.1,0.5,175.08,-0.6177000000000001,-0.0,1.0478100000000001,170.7328076685513,-2.4829748294772243
Table 4,9,60.0,1.2,0.5,177.11,-0.8275999999999999,-0.0,1.07584,175.3000866589689,-1.0219148218796903
Table 4,9,60.0,1.3,0.5,178.18,-1.0587000000000002,-0.0,1.09709,178.76261532633865,0.3269813258158268
Table 4,9,60.0,1.4,0.5,178.87,-1.311,-0.0,1.11156,181.12039367066058,1.2581168841396384
Table 4,9,60.0,1.5,0.5,179.37,-1.5845000000000002,-0.0,1.11925,182.37342169193462,1.6744281049978365
Table 4,9,80.0,1.1,0.2,140.65,-0.6177000000000001,-0.0,1.0478100000000001,141.09339902833625,0.31524993127354767
Table 4,9,80.0,1.2,0.2,145.25,-0.8275999999999999,-0.0,1.07584,144.86779321694317,-0.2631372000391257
Table 4,9,80.0,1.3,0.2,147.87,-1.0587000000000002,-0.0,1.09709,147.72922298889816,-0.09520322655159699
Table 4,9,80.0,1.4,0.2,149.59,-1.311,-0.0,1.11156,149.67768834420116,0.05861912173350804
Table 4,9,80.0,1.5,0.2,150.71,-1.5845000000000002,-0.0,1.11925,150.71318928285217,0.0021161720205441067
Table 4,9,80.0,1.1,0.25,140.13,-0.6177000000000001,-0.0,1.0478100000000001,140.39365465031952,0.1881500394772878
Table 4,9,80.0,1.2,0.25,144.56,-0.8275999999999999,-0.0,1.07584,144.1493299539036,-0.28408276570034136
Table 4,9,80.0,1.3,0.25,147.08,-1.0587000000000002,-0.0,1.09709,146.9965686339308,-0.056725160503957234
Table 4,9,80.0,1.4,0.25,148.73,-1.311,-0.0,1.11156,148.9353706904011,0.13808289544887434
Table 4,9,80.0,1.5,0.25,149.94,-1.5845000000000002,-0.0,1.11925,149.96573612331446,0.01716428125547505
Table 4,9,80.0,1.1,0.3,137.75,-0.6177000000000001,-0.0,1.0478100000000001,137.82252492039606,0.05264966997899307
Table 4,9,80.0,1.2,0.3,142.07,-0.8275999999999999,-0.0,1.07584,141.5094198474522,-0.3945802439275006
Table 4,9,80.0,1.3,0.3,144.38,-1.0587000000000002,-0.0,1.09709,144.304515002641,-0.05228217021677807
Table 4,9,80.0,1.4,0.3,145.89,-1.311,-0.0,1.11156,146.20781038596257,0.21784247444142013
Table 4,9,80.0,1.5,0.3,146.99,-1.5845000000000002,-0.0,1.11925,147.2193059974168,0.1560010867520154
Table 4,9,80.0,1.1,0.35,132.99,-0.6177000000000001,-0.0,1.0478100000000001,132.6379492996123,-0.26471967846282213
Table 4,9,80.0,1.2,0.35,136.74,-0.8275999999999999,-0.0,1.07584,136.18615147259032,-0.40503768276267677
Table 4,9,80.0,1.3,0.35,138.87,-1.0587000000000002,-0.0,1.09709,138.87610138967145,0.004393598092779436
Table 4,9,80.0,1.4,0.35,140.26,-1.311,-0.0,1.11156,140.70779905085564,0.3192635468812564
Table 4,9,80.0,1.5,0.35,141.27,-1.5845000000000002,-0.0,1.11925,141.68124445614288,0.2911052991738284
Table 4,9,80.0,1.1,0.4,124.55,-0.6177000000000001,-0.0,1.0478100000000001,123.38623365646878,-0.9343768314180827
Table 4,9,80.0,1.2,0.4,127.44,-0.8275999999999999,-0.0,1.07584,126.68694287797915,-0.5909111126968366
Table 4,9,80.0,1.3,0.4,129.06,-1.0587000000000002,-0.0,1.09709,129.18926435343747,0.10015833987096183
Table 4,9,80.0,1.4,0.4,130.12,-1.311,-0.0,1.11156,130.89319808284367,0.5942192459603929
Table 4,9,80.0,1.5,0.4,130.88,-1.5845000000000002,-0.0,1.11925,131.79874406619774,0.7019743782073244
Table 4,9,80.0,1.1,0.45,112.33,-0.6177000000000001,-0.0,1.0478100000000001,110.28981940960851,-1.8162383961466093
Table 4,9,80.0,1.2,0.45,114.18,-0.8275999999999999,-0.0,1.07584,113.24018602001621,-0.8230985986896097
Table 4,9,80.0,1.3,0.45,115.21,-1.0587000000000002,-0.0,1.09709,115.47690705002564,0.23167003734541358
Table 4,9,80.0,1.4,0.45,115.88,-1.311,-0.0,1.11156,116.9999824996368,0.966501984498451
Table 4,9,80.0,1.5,0.45,116.37,-1.5845000000000002,-0.0,1.11925,117.80941236884962,1.2369273600151383
Table 4,9,80.0,1.1,0.5,98.5,-0.6177000000000001,-0.0,1.0478100000000001,96.04247330707736,-2.4949509572818696
Table 4,9,80.0,1.2,0.5,99.6,-0.8275999999999999,-0.0,1.07584,98.61170869020727,-0.9922603511975188
Table 4,9,80.0,1.3,0.5,100.22,-1.0587000000000002,-0.0,1.09709,100.5594879228691,0.3387426889533993
Table 4,9,80.0,1.4,0.5,100.63,-1.311,-0.0,1.11156,101.88581100506285,1.2479489268238626
Table 4,9,80.0,1.5,0.5,100.92,-1.5845000000000002,-0.0,1.11925,102.59067793678847,1.6554478168732312
Table 4,9,100.0,1.1,0.2,90.16,-0.6177000000000001,-0.0,1.0478100000000001,90.4307782674598,0.3003308201639348
Table 4,9,100.0,1.2,0.2,93.17,-0.8275999999999999,-0.0,1.07584,92.8498950107977,-0.3435708803287608
Table 4,9,100.0,1.3,0.2,94.79,-1.0587000000000002,-0.0,1.09709,94.68386685510488,-0.11196660501648384
Table 4,9,100.0,1.4,0.2,95.81,-1.311,-0.0,1.11156,95.93269380038137,0.12805949314410814
Table 4,9,100.0,1.5,0.2,96.56,-1.5845000000000002,-0.0,1.11925,96.59637584662713,0.03767175499909234
Table 4,9,100.0,1.1,0.25,89.74,-0.6177000000000001,-0.0,1.0478100000000001,89.92625740447434,0.20755226707638377
Table 4,9,100.0,1.2,0.25,92.64,-0.8275999999999999,-0.0,1.07584,92.33187769350326,-0.33260179889544667
Table 4,9,100.0,1.3,0.25,94.27,-1.0587000000000002,-0.0,1.09709,94.15561765575318,-0.12133483000617415
Table 4,9,100.0,1.4,0.25,95.25,-1.311,-0.0,1.11156,95.39747729122408,0.15483180181005568
Table 4,9,100.0,1.5,0.25,95.97,-1.5845000000000002,-0.0,1.11925,96.05745659991592,0.0911291027570329
Table 4,9,100.0,1.1,0.3,88.23,-0.6177000000000001,-0.0,1.0478100000000001,88.27957968006935,0.056193675699130294
Table 4,9,100.0,1.2,0.3,90.96,-0.8275999999999999,-0.0,1.07584,90.64114963877591,-0.35053909545303363
Table 4,9,100.0,1.3,0.3,92.47,-1.0587000000000002,-0.0,1.09709,92.43149432741362,-0.04164125942076558
Table 4,9,100.0,1.4,0.3,93.46,-1.311,-0.0,1.11156,93.65061374598245,0.2039522212523653
Table 4,9,100.0,1.5,0.3,94.19,-1.5845000000000002,-0.0,1.11925,94.2985078944824,0.115201077059561
Table 4,9,100.0,1.1,0.35,85.16,-0.6177000000000001,-0.0,1.0478100000000001,84.92591525960165,-0.27487639783741735
Table 4,9,100.0,1.2,0.35,87.56,-0.8275999999999999,-0.0,1.07584,87.19777123036602,-0.4136920621676413
Table 4,9,100.0,1.3,0.35,88.92,-1.0587000000000002,-0.0,1.09709,88.92010228205147,0.00011502704843904906
Table 4,9,100.0,1.4,0.35,89.82,-1.311,-0.0,1.11156,90.09290841465801,0.3038392503429294
Table 4,9,100.0,1.5,0.35,90.42,-1.5845000000000002,-0.0,1.11925,90.71618962818559,0.3275709225675593
Table 4,9,100.0,1.1,0.4,79.75,-0.6177000000000001,-0.0,1.0478100000000001,78.9837584929642,-0.9608043975370544
Table 4,9,100.0,1.2,0.4,81.59,-0.8275999999999999,-0.0,1.07584,81.09665563133639,-0.6046627879196149
Table 4,9,100.0,1.3,0.4,82.62,-1.0587000000000002,-0.0,1.09709,82.69847740052688,0.09498596045373842
Table 4,9,100.0,1.4,0.4,83.28,-1.311,-0.0,1.11156,83.78922380053567,0.6114598949755822
Table 4,9,100.0,1.5,0.4,83.76,-1.5845000000000002,-0.0,1.11925,84.36889483136272,0.7269518043967508
Table 4,9,100.0,1.1,0.45,71.89,-0.6177000000000001,-0.0,1.0478100000000001,70.60469624875645,-1.7878755755230857
Table 4,9,100.0,1.2,0.45,73.1,-0.8275999999999999,-0.0,1.07584,72.493444815627,-0.8297608541354221
Table 4,9,100.0,1.3,0.45,73.77,-1.0587000000000002,-0.0,1.09709,73.92533589825274,0.21056784363934417
Table 4,9,100.0,1.4,0.45,74.19,-1.311,-0.0,1.11156,74.90036949663367,0.9575003324351997
Table 4,9,100.0,1.5,0.45,74.49,-1.5845000000000002,-0.0,1.11925,75.41854561076975,1.246537267780588
Table 4,9,100.0,1.1,0.5,63.03,-0.6177000000000001,-0.0,1.0478100000000001,61.47572301732615,-2.465932068338645
Table 4,9,100.0,1.2,0.5,63.75,-0.8275999999999999,-0.0,1.07584,63.12026211904845,-0.9878241269828268
Table 4,9,100.0,1.3,0.5,64.15,-1.0587000000000002,-0.0,1.09709,64.36701402456393,0.3382915425782122
Table 4,9,100.0,1.4,0.5,64.42,-1.311,-0.0,1.11156,65.2159787338726,1.2356080935619398
Table 4,9,100.0,1.5,0.5,64.61,-1.5845000000000002,-0.0,1.11925,65.66715624697444,1.6362114950850388
Table 4,9,120.0,1.1,0.2,62.68,-0.6177000000000001,-0.0,1.0478100000000001,62.868742224263684,0.30112033226497203
Table 4,9,120.0,1.2,0.2,64.75,-0.8275999999999999,-0.0,1.07584,64.55054602890965,-0.30803702098895686
Table 4,9,120.0,1.3,0.2,65.88,-1.0587000000000002,-0.0,1.09709,65.8255489132738,-0.08265192277806489
Table 4,9,120.0,1.4,0.2,66.62,-1.311,-0.0,1.11156,66.69375087735614,0.11070380870028979
Table 4,9,120.0,1.5,0.2,67.16,-1.5845000000000002,-0.0,1.11925,67.15515192115663,-0.007218699885894082
Table 4,9,120.0,1.1,0.25,62.35,-0.6177000000000001,-0.0,1.0478100000000001,62.48156147935374,0.21100477843422946
Table 4,9,120.0,1.2,0.25,64.38,-0.8275999999999999,-0.0,1.07584,64.15300779907417,-0.35258185915784557
Table 4,9,120.0,1.3,0.25,65.47,-1.0587000000000002,-0.0,1.09709,65.42015850524827,-0.07612875324840665
Table 4,9,120.0,1.4,0.25,66.18,-1.311,-0.0,1.11156,66.28301359787599,0.15565669065576584
Table 4,9,120.0,1.5,0.25,66.7,-1.5845000000000002,-0.0,1.11925,66.74157307695734,0.062328451210396346
Table 4,9,120.0,1.1,0.3,61.3,-0.6177000000000001,-0.0,1.0478100000000001,61.32912664624337,0.04751492046226703
Table 4,9,120.0,1.2,0.3,63.19,-0.8275999999999999,-0.0,1.07584,62.96974414358944,-0.34856125401259713
Table 4,9,120.0,1.3,0.3,64.25,-1.0587000000000002,-0.0,1.09709,64.21352301688962,-0.05677351456867817
Table 4,9,120.0,1.4,0.3,64.94,-1.311,-0.0,1.11156,65.06046326614393,0.18549933191242549
Table 4,9,120.0,1.5,0.3,65.41,-1.5845000000000002,-0.0,1.11925,65.51056489135233,0.1537454385450764
Table 4,9,120.0,1.1,0.35,59.15,-0.6177000000000001,-0.0,1.0478100000000001,58.987607424767496,-0.27454366057904
Table 4,9,120.0,1.2,0.35,60.82,-0.8275999999999999,-0.0,1.07584,60.565586863898844,-0.41830505771318083
Table 4,9,120.0,1.3,0.35,61.77,-1.0587000000000002,-0.0,1.09709,61.76187880401805,-0.013147476091872792
Table 4,9,120.0,1.4,0.35,62.38,-1.311,-0.0,1.11156,62.576483245125125,0.3149779498639349
Table 4,9,120.0,1.5,0.35,62.8,-1.5845000000000002,-0.0,1.11925,63.009400187220024,0.3334397885669214
Table 4,9,120.0,1.1,0.4,55.37,-0.6177000000000001,-0.0,1.0478100000000001,54.85633309443949,-0.9276989444834847
Table 4,9,120.0,1.2,0.4,56.68,-0.8275999999999999,-0.0,1.07584,56.32379667718553,-0.6284462293833323
Table 4,9,120.0,1.3,0.4,57.39,-1.0587000000000002,-0.0,1.09709,57.43630474473292,0.08068434349698846
Table 4,9,120.0,1.4,0.4,57.84,-1.311,-0.0,1.11156,58.193857297081685,0.6117864748991728
Table 4,9,120.0,1.5,0.4,58.17,-1.5845000000000002,-0.0,1.11925,58.59645433423177,0.7331173014127055
Table 4,9,120.0,1.1,0.45,49.94,-0.6177000000000001,-0.0,1.0478100000000001,49.03352870234304,-1.815120740202156
Table 4,9,120.0,1.2,0.45,50.76,-0.8275999999999999,-0.0,1.07584,50.34522625201967,-0.8171271630818102
Table 4,9,120.0,1.3,0.45,51.22,-1.0587000000000002,-0.0,1.09709,51.339645550293966,0.2335914687504238
Table 4,9,120.0,1.4,0.45,51.52,-1.311,-0.0,1.11156,52.016786597165925,0.9642596994680167
Table 4,9,120.0,1.5,0.45,51.74,-1.5845000000000002,-0.0,1.11925,52.37664939263554,1.2304781457973335
Table 4,9,120.0,1.1,0.5,43.77,-0.6177000000000001,-0.0,1.0478100000000001,42.69843925894205,-2.4481625338312787
Table 4,9,120.0,1.2,0.5,44.27,-0.8275999999999999,-0.0,1.07584,43.84066662118152,-0.9698065932199771
Table 4,9,120.0,1.3,0.5,44.56,-1.0587000000000002,-0.0,1.09709,44.70660780732454,0.3290121349293887
Table 4,9,120.0,1.4,0.5,44.75,-1.311,-0.0,1.11156,45.296262817371115,1.2206990332315424
Table 4,9,120.0,1.5,0.5,44.88,-1.5845000000000002,-0.0,1.11925,45.60963165132122,1.625738973532131
Table 4,9,140.0,1.1,0.2,46.04,-0.6177000000000001,-0.0,1.0478100000000001,46.191078113569546,0.32814533790083994
Table 4,9,140.0,1.2,0.2,47.57,-0.8275999999999999,-0.0,1.07584,47.426737173440465,-0.30116213277177944
Table 4,9,140.0,1.3,0.2,48.43,-1.0587000000000002,-0.0,1.09709,48.363510452864546,-0.13729000027969043
Table 4,9,140.0,1.4,0.2,48.95,-1.311,-0.0,1.11156,49.00139795184181,0.10500092306804258
Table 4,9,140.0,1.5,0.2,49.33,-1.5845000000000002,-0.0,1.11925,49.340399670372214,0.021081837365124687
Table 4,9,140.0,1.1,0.25,45.89,-0.6177000000000001,-0.0,1.0478100000000001,45.95750230781429,0.14709589848395538
Table 4,9,140.0,1.2,0.25,47.35,-0.8275999999999999,-0.0,1.07584,47.18691297357242,-0.3444287780941558
Table 4,9,140.0,1.3,0.25,48.15,-1.0587000000000002,-0.0,1.09709,48.118949243546034,-0.06448755234468291
Table 4,9,140.0,1.4,0.25,48.68,-1.311,-0.0,1.11156,48.75361111773513,0.15121429280019164
Table 4,9,140.0,1.5,0.25,49.04,-1.5845000000000002,-0.0,1.11925,49.0908985961397,0.10378995950184144
Table 4,9,140.0,1.1,0.3,45.26,-0.6177000000000001,-0.0,1.0478100000000001,45.17718201025612,-0.18298274357905459
Table 4,9,140.0,1.2,0.3,46.58,-0.8275999999999999,-0.0,1.07584,46.38571830190009,-0.4170925249031922
Table 4,9,140.0,1.3,0.3,47.31,-1.0587000000000002,-0.0,1.09709,47.3019293685228,-0.017059039266968914
Table 4,9,140.0,1.4,0.3,47.78,-1.311,-0.0,1.11156,47.92581521012425,0.3051804314027785
Table 4,9,140.0,1.5,0.3,48.13,-1.5845000000000002,-0.0,1.11925,48.25737582670442,0.2646495464459086
Table 4,9,140.0,1.1,0.35,43.91,-0.6177000000000001,-0.0,1.0478100000000001,43.58069323525641,-0.7499584712903321
Table 4,9,140.0,1.2,0.35,44.99,-0.8275999999999999,-0.0,1.07584,44.74652180282518,-0.5411829232603327
Table 4,9,140.0,1.3,0.35,45.6,-1.0587000000000002,-0.0,1.09709,45.630355447521445,0.06656896386281587
Table 4,9,140.0,1.4,0.35,45.99,-1.311,-0.0,1.11156,46.23219416934522,0.5266235471737732
Table 4,9,140.0,1.5,0.35,46.28,-1.5845000000000002,-0.0,1.11925,46.55203796829648,0.5878089202603293
Table 4,9,140.0,1.1,0.4,41.4,-0.6177000000000001,-0.0,1.0478100000000001,40.68123392835678,-1.7361499315053535
Table 4,9,140.0,1.2,0.4,42.09,-0.8275999999999999,-0.0,1.07584,41.76949896401385,-0.7614659918891771
Table 4,9,140.0,1.3,0.4,42.49,-1.0587000000000002,-0.0,1.09709,42.59453043057513,0.24601183943311733
Table 4,9,140.0,1.4,0.4,42.76,-1.311,-0.0,1.11156,43.156328328040644,0.9268669972886946
Table 4,9,140.0,1.5,0.4,42.97,-1.5845000000000002,-0.0,1.11925,43.45489265641035,1.1284446274385669
Table 4,9,140.0,1.1,0.45,37.46,-0.6177000000000001,-0.0,1.0478100000000001,36.43348539172131,-2.7402952703648915
Table 4,9,140.0,1.2,0.45,37.79,-0.8275999999999999,-0.0,1.07584,37.408118765644005,-1.0105351530986877
Table 4,9,140.0,1.3,0.45,37.99,-1.0587000000000002,-0.0,1.09709,38.14700421679839,0.4132777488770502
Table 4,9,140.0,1.4,0.45,38.14,-1.311,-0.0,1.11156,38.65014174518447,1.3375504593195324
Table 4,9,140.0,1.5,0.45,38.25,-1.5845000000000002,-0.0,1.11925,38.91753135080222,1.7451800020973107
Table 4,9,140.0,1.1,0.5,32.8,-0.6177000000000001,-0.0,1.0478100000000001,31.716129513008937,-3.304483192045915
Table 4,9,140.0,1.2,0.5,32.95,-0.8275999999999999,-0.0,1.07584,32.564568743642006,-1.169745846306515
Table 4,9,140.0,1.3,0.5,33.04,-1.0587000000000002,-0.0,1.09709,33.20778435730425,0.5078219046738786
Table 4,9,140.0,1.4,0.5,33.12,-1.311,-0.0,1.11156,33.64577635399568,1.587488991532854
Table 4,9,140.0,1.5,0.5,33.18,-1.5845000000000002,-0.0,1.11925,33.878544733716275,2.1053186670171047
Table 4,9,160.0,1.1,0.2,35.27,-0.6177000000000001,-0.0,1.0478100000000001,35.379406986504705,0.3101984306909606
Table 4,9,160.0,1.2,0.2,36.44,-0.8275999999999999,-0.0,1.07584,36.32584267411192,-0.3132747691769476
Table 4,9,160.0,1.3,0.2,37.08,-1.0587000000000002,-0.0,1.09709,37.04335099953659,-0.09883764957768586
Table 4,9,160.0,1.4,0.2,37.49,-1.311,-0.0,1.11156,37.531931962778714,0.11184839364820433
Table 4,9,160.0,1.5,0.2,37.79,-1.5845000000000002,-0.0,1.11925,37.79158556383828,0.004195723308502571
Table 4,9,160.0,1.1,0.25,35.15,-0.6177000000000001,-0.0,1.0478100000000001,35.194066208389856,0.12536616896118724
Table 4,9,160.0,1.2,0.25,36.26,-0.8275999999999999,-0.0,1.07584,36.13554383870562,-0.3432326566309309
Table 4,9,160.0,1.3,0.25,36.88,-1.0587000000000002,-0.0,1.09709,36.849293380061674,-0.08326090004969786
Table 4,9,160.0,1.4,0.25,37.27,-1.311,-0.0,1.11156,37.33531483245801,0.17524773935607
Table 4,9,160.0,1.5,0.25,37.55,-1.5845000000000002,-0.0,1.11925,37.593608195894625,0.11613367748236353
Table 4,9,160.0,1.1,0.3,34.66,-0.6177000000000001,-0.0,1.0478100000000001,34.59690205352894,-0.1820483164196581
Table 4,9,160.0,1.2,0.3,35.67,-0.8275999999999999,-0.0,1.07584,35.522404925767624,-0.4137792941754345
Table 4,9,160.0,1.3,0.3,36.23,-1.0587000000000002,-0.0,1.09709,36.22404374257362,-0.016440125383319102
Table 4,9,160.0,1.4,0.3,36.59,-1.311,-0.0,1.11156,36.70181850394693,0.30559853497384026
Table 4,9,160.0,1.5,0.3,36.86,-1.5845000000000002,-0.0,1.11925,36.95572920988755,0.2597102818436009
Table 4,9,160.0,1.1,0.35,33.62,-0.6177000000000001,-0.0,1.0478100000000001,33.37020342908821,-0.7429999134794487
Table 4,9,160.0,1.2,0.35,34.45,-0.8275999999999999,-0.0,1.07584,34.26289084581198,-0.5431325230421534
Table 4,9,160.0,1.3,0.35,34.91,-1.0587000000000002,-0.0,1.09709,34.939651730770244,0.08493764185118104
Table 4,9,160.0,1.4,0.35,35.22,-1.311,-0.0,1.11156,35.40048608396302,0.5124533900142476
Table 4,9,160.0,1.5,0.35,35.44,-1.5845000000000002,-0.0,1.11925,35.645393905390264,0.579553909114748
Table 4,9,160.0,1.1,0.4,31.69,-0.6177000000000001,-0.0,1.0478100000000001,31.14846263160346,-1.7088588463128427
Table 4,9,160.0,1.2,0.4,32.23,-0.8275999999999999,-0.0,1.07584,31.98171618669822,-0.7703500257579232
Table 4,9,160.0,1.3,0.4,32.54,-1.0587000000000002,-0.0,1.09709,32.61341929214823,0.2256278185256005
Table 4,9,160.0,1.4,0.4,32.74,-1.311,-0.0,1.11156,33.04357194795349,0.9272203663820592
Table 4,9,160.0,1.5,0.4,32.9,-1.5845000000000002,-0.0,1.11925,33.27217415411398,1.131228431957401
Table 4,9,160.0,1.1,0.45,28.67,-0.6177000000000001,-0.0,1.0478100000000001,27.893447369639663,-2.708589572236968
Table 4,9,160.0,1.2,0.45,28.93,-0.8275999999999999,-0.0,1.07584,28.639625903697358,-1.003712742145324
Table 4,9,160.0,1.3,0.45,29.09,-1.0587000000000002,-0.0,1.09709,29.205316016031503,0.3964111929580722
Table 4,9,160.0,1.4,0.45,29.2,-1.311,-0.0,1.11156,29.590517706642103,1.3373894063085752
Table 4,9,160.0,1.5,0.45,29.29,-1.5845000000000002,-0.0,1.11925,29.795230975529144,1.7249265125610949
Table 4,9,160.0,1.1,0.5,25.11,-0.6177000000000001,-0.0,1.0478100000000001,24.283240202722858,-3.292551960482442
Table 4,9,160.0,1.2,0.5,25.23,-0.8275999999999999,-0.0,1.07584,24.9328419653347,-1.1777964116738062
Table 4,9,160.0,1.3,0.5,25.3,-1.0587000000000002,-0.0,1.09709,25.425315652651925,0.49531878518547084
Table 4,9,160.0,1.4,0.5,25.36,-1.311,-0.0,1.11156,25.76066126467453,1.5798945767923065
Table 4,9,160.0,1.5,0.5,25.4,-1.5845000000000002,-0.0,1.11925,25.938878801402502,2.1215700842618266
Table 4,9,180.0,1.1,0.2,27.87,-0.6177000000000001,-0.0,1.0478100000000001,27.964186166441607,0.3379482111288336
Table 4,9,180.0,1.2,0.2,28.8,-0.8275999999999999,-0.0,1.07584,28.71225703639451,-0.30466306807461513
Table 4,9,180.0,1.3,0.2,29.31,-1.0587000000000002,-0.0,1.09709,29.279381759423387,-0.10446346153739869
Table 4,9,180.0,1.4,0.2,29.64,-1.311,-0.0,1.11156,29.66556033552823,0.08623594982533628
Table 4,9,180.0,1.5,0.2,29.87,-1.5845000000000002,-0.0,1.11925,29.87079276470903,0.002654049913053614
Table 4,9,180.0,1.1,0.25,27.78,-0.6177000000000001,-0.0,1.0478100000000001,27.81349910751535,0.12058714008405452
Table 4,9,180.0,1.2,0.25,28.66,-0.8275999999999999,-0.0,1.07584,28.557538942966097,-0.3575054327770511
Table 4,9,180.0,1.3,0.25,29.14,-1.0587000000000002,-0.0,1.09709,29.121607673017063,-0.06311711387418371
Table 4,9,180.0,1.4,0.25,29.45,-1.311,-0.0,1.11156,29.505705297668243,0.18915211432340748
Table 4,9,180.0,1.5,0.25,29.68,-1.5845000000000002,-0.0,1.11925,29.70983181691963,0.10051151253244121
Table 4,9,180.0,1.1,0.3,27.39,-0.6177000000000001,-0.0,1.0478100000000001,27.341585139846618,-0.17676108124637632
Table 4,9,180.0,1.2,0.3,28.19,-0.8275999999999999,-0.0,1.07584,28.07300078912454,-0.4150379953013931
Table 4,9,180.0,1.3,0.3,28.63,-1.0587000000000002,-0.0,1.09709,28.62749891781365,-0.0087358791000661
Table 4,9,180.0,1.4,0.3,28.92,-1.311,-0.0,1.11156,29.00507952591396,0.29418923206762815
Table 4,9,180.0,1.5,0.3,29.13,-1.5845000000000002,-0.0,1.11925,29.205742613425457,0.2600158373685478
Table 4,9,180.0,1.1,0.35,26.57,-0.6177000000000001,-0.0,1.0478100000000001,26.371001609125567,-0.7489589419436689
Table 4,9,180.0,1.2,0.35,27.22,-0.8275999999999999,-0.0,1.07584,27.076453146239917,-0.5273580226307197
Table 4,9,180.0,1.3,0.35,27.59,-1.0587000000000002,-0.0,1.09709,27.61126745817998,0.07708393686111269
Table 4,9,180.0,1.4,0.35,27.83,-1.311,-0.0,1.11156,27.97544454494576,0.5226178402650409
Table 4,9,180.0,1.5,0.35,28.01,-1.5845000000000002,-0.0,1.11925,28.168984406537245,0.5675987380836959
Table 4,9,180.0,1.1,0.4,25.04,-0.6177000000000001,-0.0,1.0478100000000001,24.613252764881192,-1.704262121081497
Table 4,9,180.0,1.2,0.4,25.47,-0.8275999999999999,-0.0,1.07584,25.271682704469107,-0.7786309208122953
Table 4,9,180.0,1.3,0.4,25.71,-1.0587000000000002,-0.0,1.09709,25.770849176686138,0.23667513296824966
Table 4,9,180.0,1.4,0.4,25.87,-1.311,-0.0,1.11156,26.11075218153228,0.9306230441912621
Table 4,9,180.0,1.5,0.4,26.0,-1.5845000000000002,-0.0,1.11925,26.291391719007525,1.1207373807981715
Table 4,9,180.0,1.1,0.45,22.66,-0.6177000000000001,-0.0,1.0478100000000001,22.041092760634065,-2.7312764314471982
Table 4,9,180.0,1.2,0.45,22.86,-0.8275999999999999,-0.0,1.07584,22.630714762791488,-1.0029975380949758
Table 4,9,180.0,1.3,0.45,22.99,-1.0587000000000002,-0.0,1.09709,23.077716815800596,0.3815433484149509
Table 4,9,180.0,1.4,0.45,23.07,-1.311,-0.0,1.11156,23.38209891966139,1.3528345022166937
Table 4,9,180.0,1.5,0.45,23.14,-1.5845000000000002,-0.0,1.11925,23.54386107437386,1.7452941848481456
Table 4,9,180.0,1.1,0.5,19.84,-0.6177000000000001,-0.0,1.0478100000000001,19.186475167170226,-3.2939759719242643
Table 4,9,180.0,1.2,0.5,19.93,-0.8275999999999999,-0.0,1.07584,19.69973319957665,-1.155377824502514
Table 4,9,180.0,1.3,0.5,19.99,-1.0587000000000002,-0.0,1.09709,20.088842482082416,0.49445964023220546
Table 4,9,180.0,1.4,0.5,20.04,-1.311,-0.0,1.11156,20.353803014687525,1.5658833068239817
Table 4,9,180.0,1.5,0.5,20.07,-1.5845000000000002,-0.0,1.11925,20.494614797391964,2.1156691449524865
Table 4,9,200.0,1.1,0.2,22.58,-0.6177000000000001,-0.0,1.0478100000000001,22.65542706775182,0.33404370129238886
Table 4,9,200.0,1.2,0.2,23.33,-0.8275999999999999,-0.0,1.07584,23.261483147297803,-0.29368560952505685
Table 4,9,200.0,1.3,0.2,23.75,-1.0587000000000002,-0.0,1.09709,23.720944142315723,-0.12234045340748205
Table 4,9,200.0,1.4,0.2,24.01,-1.311,-0.0,1.11156,24.033810052805574,0.09916723367585367
Table 4,9,200.0,1.5,0.2,24.2,-1.5845000000000002,-0.0,1.11925,24.200080878767352,0.00033420978244935273
Table 4,9,200.0,1.1,0.25,22.5,-0.6177000000000001,-0.0,1.0478100000000001,22.529925148091536,0.13300065818460402
Table 4,9,200.0,1.2,0.25,23.21,-0.8275999999999999,-0.0,1.07584,23.13262392162968,-0.33337388354296
Table 4,9,200.0,1.3,0.25,23.61,-1.0587000000000002,-0.0,1.09709,23.58953968822567,-0.08665951619792013
Table 4,9,200.0,1.4,0.25,23.86,-1.311,-0.0,1.11156,23.900672447879508,0.1704628997464728
Table 4,9,200.0,1.5,0.25,24.04,-1.5845000000000002,-0.0,1.11925,24.06602220059119,0.10824542675203497
Table 4,9,200.0,1.1,0.3,22.18,-0.6177000000000001,-0.0,1.0478100000000001,22.142734061149213,-0.16801595514331377
Table 4,9,200.0,1.2,0.3,22.83,-0.8275999999999999,-0.0,1.07584,22.73507507310177,-0.41579030616833096
Table 4,9,200.0,1.3,0.3,23.19,-1.0587000000000002,-0.0,1.09709,23.184138451767193,-0.025276189015989364
Table 4,9,200.0,1.4,0.3,23.42,-1.311,-0.0,1.11156,23.48992419714549,0.2985661705614414
Table 4,9,200.0,1.5,0.3,23.59,-1.5845000000000002,-0.0,1.11925,23.65243230923665,0.2646558255050939
Table 4,9,200.0,1.1,0.35,21.52,-0.6177000000000001,-0.0,1.0478100000000001,21.360868801376082,-0.7394572426761974
Table 4,9,200.0,1.2,0.35,22.05,-0.8275999999999999,-0.0,1.07584,21.932294109879116,-0.5338135606389319
Table 4,9,200.0,1.3,0.35,22.35,-1.0587000000000002,-0.0,1.09709,22.365500952750672,0.06935549329159127
Table 4,9,200.0,1.4,0.35,22.54,-1.311,-0.0,1.11156,22.66048932999074,0.5345578082996437
Table 4,9,200.0,1.5,0.35,22.69,-1.5845000000000002,-0.0,1.11925,22.817259241599313,0.5608604742146834
Table 4,9,200.0,1.1,0.4,20.29,-0.6177000000000001,-0.0,1.0478100000000001,19.939990150068116,-1.7250362244055353
Table 4,9,200.0,1.2,0.4,20.63,-0.8275999999999999,-0.0,1.07584,20.473405486728776,-0.7590621098944401
Table 4,9,200.0,1.3,0.4,20.83,-1.0587000000000002,-0.0,1.09709,20.87779635023356,0.2294591945922286
Table 4,9,200.0,1.4,0.4,20.96,-1.311,-0.0,1.11156,21.153162740582466,0.9215779607942062
Table 4,9,200.0,1.5,0.4,21.06,-1.5845000000000002,-0.0,1.11925,21.299504657775493,1.1372490872530612
Table 4,9,200.0,1.1,0.45,18.35,-0.6177000000000001,-0.0,1.0478100000000001,17.85268895529749,-2.7101419329837055
Table 4,9,200.0,1.2,0.45,18.52,-0.8275999999999999,-0.0,1.07584,18.330266828592254,-1.02447716742843
Table 4,9,200.0,1.3,0.45,18.62,-1.0587000000000002,-0.0,1.09709,18.69232640074758,0.3884339460127695
Table 4,9,200.0,1.4,0.45,18.69,-1.311,-0.0,1.11156,18.938867671763468,1.3315552261287682
Table 4,9,200.0,1.5,0.45,18.74,-1.5845000000000002,-0.0,1.11925,19.069890641639912,1.7603556117391328
Table 4,9,200.0,1.1,0.5,16.07,-0.6177000000000001,-0.0,1.0478100000000001,15.542054478133377,-3.2852863837375454
Table 4,9,200.0,1.2,0.5,16.15,-0.8275999999999999,-0.0,1.07584,15.957820492031006,-1.189965993616053
Table 4,9,200.0,1.3,0.5,16.19,-1.0587000000000002,-0.0,1.09709,16.273019485799278,0.5127824941277117
Table 4,9,200.0,1.4,0.5,16.23,-1.311,-0.0,1.11156,16.487651459438197,1.5875012904386745
Table 4,9,200.0,1.5,0.5,16.26,-1.5845000000000002,-0.0,1.11925,16.60171641294775,2.101576955398198
Table 8,13,40.0,1.1,0.2,594.77,-0.6177000000000001,-0.0,1.0478100000000001,598.3377392912063,0.5998519244760654
Table 8,13,40.0,1.2,0.2,616.28,-0.8275999999999999,-0.0,1.07584,614.3438919642408,-0.31416045235269063
Table 8,13,40.0,1.3,0.2,627.99,-1.0587000000000002,-0.0,1.09709,626.4784172693421,-0.2407017198773694
Table 8,13,40.0,1.4,0.2,634.56,-1.311,-0.0,1.11156,634.74131520651,0.028573374702159166
Table 8,13,40.0,1.5,0.2,639.31,-1.5845000000000002,-0.0,1.11925,639.1325857757442,-0.02775089146981888
Table 8,13,40.0,1.1,0.25,618.5,-0.6177000000000001,-0.0,1.0478100000000001,619.2169077785579,0.11591071601583262
Table 8,13,40.0,1.2,0.25,637.9,-0.8275999999999999,-0.0,1.07584,635.7815997790474,-0.33208970386464876
Table 8,13,40.0,1.3,0.25,648.71,-1.0587000000000002,-0.0,1.09709,648.339562854695,-0.05710365884678891
Table 8,13,40.0,1.4,0.25,655.74,-1.311,-0.0,1.11156,656.8907970055009,0.1754959291031297
Table 8,13,40.0,1.5,0.25,660.85,-1.5845000000000002,-0.0,1.11925,661.4353022314646,0.08856809131641653
Table 8,13,40.0,1.1,0.3,624.26,-0.6177000000000001,-0.0,1.0478100000000001,625.1350800859385,0.14017878543211496
Table 8,13,40.0,1.2,0.3,644.06,-0.8275999999999999,-0.0,1.07584,641.8580893097565,-0.34187974571367485
Table 8,13,40.0,1.3,0.3,655.1,-1.0587000000000002,-0.0,1.09709,654.5360752536071,-0.08608223880215228
Table 8,13,40.0,1.4,0.3,662.3,-1.311,-0.0,1.11156,663.1690379174905,0.13121514683535754
Table 8,13,40.0,1.5,0.3,666.77,-1.5845000000000002,-0.0,1.11925,667.7569773014063,0.14802365154496172
Table 8,13,40.0,1.1,0.35,624.28,-0.6177000000000001,-0.0,1.0478100000000001,624.7664014836305,0.07791399430231882
Table 8,13,40.0,1.2,0.35,644.1,-0.8275999999999999,-0.0,1.07584,641.4795481739523,-0.4068392836590234
Table 8,13,40.0,1.3,0.35,655.16,-1.0587000000000002,-0.0,1.09709,654.150057170361,-0.15415208951079593
Table 8,13,40.0,1.4,0.35,661.66,-1.311,-0.0,1.11156,662.777928472857,0.16895814660958625
Table 8,13,40.0,1.5,0.35,665.42,-1.5845000000000002,-0.0,1.11925,667.3631620814398,0.2920203903459203
Table 8,13,40.0,1.1,0.4,622.13,-0.6177000000000001,-0.0,1.0478100000000001,622.5479300016724,0.06717727832967431
Table 8,13,40.0,1.2,0.4,641.8,-0.8275999999999999,-0.0,1.07584,639.2017302879331,-0.4048410271216726
Table 8,13,40.0,1.3,0.4,652.77,-1.0587000000000002,-0.0,1.09709,651.8272478078417,-0.14442333320439196
Table 8,13,40.0,1.4,0.4,659.32,-1.311,-0.0,1.11156,660.4244825613985,0.16751843738979752
Table 8,13,40.0,1.5,0.4,663.06,-1.5845000000000002,-0.0,1.11925,664.9934345486031,0.29159269879093075
Table 8,13,40.0,1.1,0.45,619.1,-0.6177000000000001,-0.0,1.0478100000000001,619.6225687663319,0.0844078123618018
Table 8,13,40.0,1.2,0.45,638.56,-0.8275999999999999,-0.0,1.07584,636.1981126173356,-0.36987712707722836
Table 8,13,40.0,1.3,0.45,649.41,-1.0587000000000002,-0.0,1.09709,648.7643026577863,-0.0994283029540167
Table 8,13,40.0,1.4,0.45,656.48,-1.311,-0.0,1.11156,657.3211388876838,0.12812863875270672
Table 8,13,40.0,1.5,0.45,660.29,-1.5845000000000002,-0.0,1.11925,661.868621307028,0.23907999621802778
Table 8,13,40.0,1.1,0.5,615.67,-0.6177000000000001,-0.0,1.0478100000000001,616.1769201603458,0.08233634257733609
Table 8,13,40.0,1.2,0.5,634.85,-0.8275999999999999,-0.0,1.07584,632.6602893514153,-0.34491779925726773
Table 8,13,40.0,1.3,0.5,645.54,-1.0587000000000002,-0.0,1.09709,645.1566002793577,-0.059392093540644064
Table 8,13,40.0,1.4,0.5,652.52,-1.311,-0.0,1.11156,653.6658529441731,0.17560426411039617
Table 8,13,40.0,1.5,0.5,657.32,-1.5845000000000002,-0.0,1.11925,658.1880473458615,0.13205856293151608
Table 8,13,60.0,1.1,0.2,278.62,-0.6177000000000001,-0.0,1.0478100000000001,278.3401453373878,-0.10044313495520592
Table 8,13,60.0,1.2,0.2,286.99,-0.8275999999999999,-0.0,1.07584,285.78603178035644,-0.41951573910016743
Table 8,13,60.0,1.3,0.2,291.52,-1.0587000000000002,-0.0,1.09709,291.430879690206,-0.030570907585756684
Table 8,13,60.0,1.4,0.2,294.47,-1.311,-0.0,1.11156,295.27468906693656,0.2732669090014373
Table 8,13,60.0,1.5,0.2,296.61,-1.5845000000000002,-0.0,1.11925,297.317459910548,0.2385151918505721
Table 8,13,60.0,1.1,0.25,281.26,-0.6177000000000001,-0.0,1.0478100000000001,280.9523033016559,-0.10939938076658698
Table 8,13,60.0,1.2,0.25,289.62,-0.8275999999999999,-0.0,1.07584,288.4680676688077,-0.397739220769392
Table 8,13,60.0,1.3,0.25,294.24,-1.0587000000000002,-0.0,1.09709,294.1658911722675,-0.02518652383514007
Table 8,13,60.0,1.4,0.25,297.24,-1.311,-0.0,1.11156,298.04577381203524,0.2710852550246356
Table 8,13,60.0,1.5,0.25,299.44,-1.5845000000000002,-0.0,1.11925,300.10771558811075,0.222988107170302
Table 8,13,60.0,1.1,0.3,280.69,-0.6177000000000001,-0.0,1.0478100000000001,280.3678558120074,-0.11476867291053901
Table 8,13,60.0,1.2,0.3,289.02,-0.8275999999999999,-0.0,1.07584,287.86798560501427,-0.3985933136065715
Table 8,13,60.0,1.3,0.3,293.62,-1.0587000000000002,-0.0,1.09709,293.55395628290927,-0.02249292183459429
Table 8,13,60.0,1.4,0.3,296.62,-1.311,-0.0,1.11156,297.4257678456924,0.2716498704377321
Table 8,13,60.0,1.5,0.3,298.81,-1.5845000000000002,-0.0,1.11925,299.48342029336357,0.22536738842862117
Table 8,13,60.0,1.1,0.35,279.29,-0.6177000000000001,-0.0,1.0478100000000001,278.9160646497045,-0.13388784070161466
Table 8,13,60.0,1.2,0.35,287.54,-0.8275999999999999,-0.0,1.07584,286.3773575292639,-0.4043411249690834
Table 8,13,60.0,1.3,0.35,292.09,-1.0587000000000002,-0.0,1.09709,292.03388530987894,-0.01921143829676983
Table 8,13,60.0,1.4,0.35,295.06,-1.311,-0.0,1.11156,295.88564799154955,0.27982376179405705
Table 8,13,60.0,1.5,0.35,297.23,-1.5845000000000002,-0.0,1.11925,297.9326455742756,0.23639793233375062
Table 8,13,60.0,1.1,0.4,277.7,-0.6177000000000001,-0.0,1.0478100000000001,277.2642931484066,-0.1568983981251022
Table 8,13,60.0,1.2,0.4,285.85,-0.8275999999999999,-0.0,1.07584,284.6813994338493,-0.40881601054773514
Table 8,13,60.0,1.3,0.4,290.35,-1.0587000000000002,-0.0,1.09709,290.30442863704803,-0.015695320458752937
Table 8,13,60.0,1.4,0.4,293.29,-1.311,-0.0,1.11156,294.1333807580027,0.28755864775570084
Table 8,13,60.0,1.5,0.4,295.43,-1.5845000000000002,-0.0,1.11925,296.1682557967132,0.2498919529882511
Table 8,13,60.0,1.1,0.45,276.1,-0.6177000000000001,-0.0,1.0478100000000001,275.58143422010414,-0.18781810209919594
Table 8,13,60.0,1.2,0.45,284.14,-0.8275999999999999,-0.0,1.07584,282.9535222906413,-0.41756799794422195
Table 8,13,60.0,1.3,0.45,288.58,-1.0587000000000002,-0.0,1.09709,288.5424224511448,-0.013021536092317836
Table 8,13,60.0,1.4,0.45,291.47,-1.311,-0.0,1.11156,292.34813470161475,0.30127790222483497
Table 8,13,60.0,1.5,0.45,293.58,-1.5845000000000002,-0.0,1.11925,294.3706590420511,0.2693163846485176
Table 8,13,60.0,1.1,0.5,274.49,-0.6177000000000001,-0.0,1.0478100000000001,273.8773069462402,-0.2232114298370843
Table 8,13,60.0,1.2,0.5,282.41,-0.8275999999999999,-0.0,1.07584,281.2038078516553,-0.427106741384764
Table 8,13,60.0,1.3,0.5,286.78,-1.0587000000000002,-0.0,1.09709,286.7581476390286,-0.007619904097693588
Table 8,13,60.0,1.4,0.5,289.63,-1.311,-0.0,1.11156,290.54032630836,0.31430663548666465
Table 8,13,60.0,1.5,0.5,291.7,-1.5845000000000002,-0.0,1.11925,292.55034385964944,0.29151315037691333
Table 8,13,80.0,1.1,0.2,159.45,-0.6177000000000001,-0.0,1.0478100000000001,159.04881824554224,-0.25160348351066325
Table 8,13,80.0,1.2,0.2,164.03,-0.8275999999999999,-0.0,1.07584,163.30353844808135,-0.44288334567984294
Table 8,13,80.0,1.3,0.2,166.54,-1.0587000000000002,-0.0,1.09709,166.52911120241444,-0.006538247619521404
Table 8,13,80.0,1.4,0.2,168.17,-1.311,-0.0,1.11156,168.72553650854155,0.3303422183157308
Table 8,13,80.0,1.5,0.2,169.36,-1.5845000000000002,-0.0,1.11925,169.89281436646255,0.3146046093897801
Table 8,13,80.0,1.1,0.25,159.45,-0.6177000000000001,-0.0,1.0478100000000001,158.9754053726757,-0.2976447960641451
Table 8,13,80.0,1.2,0.25,164.02,-0.8275999999999999,-0.0,1.07584,163.2281617050223,-0.48276935433344
Table 8,13,80.0,1.3,0.25,166.17,-1.0587000000000002,-0.0,1.09709,166.45224561734358,0.16985353393728772
Table 8,13,80.0,1.4,0.25,168.17,-1.311,-0.0,1.11156,168.64765710963954,0.28403229448745404
Table 8,13,80.0,1.5,0.25,169.36,-1.5845000000000002,-0.0,1.11925,169.81439618191015,0.26830194963990384
Table 8,13,80.0,1.1,0.3,158.6,-0.6177000000000001,-0.0,1.0478100000000001,158.16429987506987,-0.2747163461097869
Table 8,13,80.0,1.2,0.3,163.12,-0.8275999999999999,-0.0,1.07584,162.39535829739663,-0.4442384150339494
Table 8,13,80.0,1.3,0.3,165.61,-1.0587000000000002,-0.0,1.09709,165.60299267036999,-0.004231223736506204
Table 8,13,80.0,1.4,0.3,167.22,-1.311,-0.0,1.11156,167.78720299399,0.3391956667802945
Table 8,13,80.0,1.5,0.3,168.4,-1.5845000000000002,-0.0,1.11925,168.9479892682566,0.3254093041903802
Table 8,13,80.0,1.1,0.35,157.61,-0.6177000000000001,-0.0,1.0478100000000001,157.25317904881442,-0.22639486782919666
Table 8,13,80.0,1.2,0.35,162.67,-0.8275999999999999,-0.0,1.07584,161.4598640477534,-0.7439207919386417
Table 8,13,80.0,1.3,0.35,164.53,-1.0587000000000002,-0.0,1.09709,164.64902053107318,0.07233971377449436
Table 8,13,80.0,1.4,0.35,166.12,-1.311,-0.0,1.11156,166.82064849877378,0.42177251310725594
Table 8,13,80.0,1.5,0.35,167.29,-1.5845000000000002,-0.0,1.11925,167.97474795085515,0.4093179214867323
Table 8,13,80.0,1.1,0.4,156.64,-0.6177000000000001,-0.0,1.0478100000000001,156.13569406586436,-0.32195220514276673
Table 8,13,80.0,1.2,0.4,161.05,-0.8275999999999999,-0.0,1.07584,160.31248518702768,-0.4579415169030336
Table 8,13,80.0,1.3,0.4,163.47,-1.0587000000000002,-0.0,1.09709,163.47897863421716,0.005492527202029628
Table 8,13,80.0,1.4,0.4,165.05,-1.311,-0.0,1.11156,165.6351744074328,0.3545437185294082
Table 8,13,80.0,1.5,0.4,166.19,-1.5845000000000002,-0.0,1.11925,166.78107250667455,0.35566069358839275
Table 8,13,80.0,1.1,0.45,155.73,-0.6177000000000001,-0.0,1.0478100000000001,155.1759946697376,-0.3557473385104891
Table 8,13,80.0,1.2,0.45,160.07,-0.8275999999999999,-0.0,1.07584,159.32711284058223,-0.4641014302603625
Table 8,13,80.0,1.3,0.45,162.46,-1.0587000000000002,-0.0,1.09709,162.47414320556436,0.0087056540467512
Table 8,13,80.0,1.4,0.45,164.01,-1.311,-0.0,1.11156,164.617085764684,0.3701516765343584
Table 8,13,80.0,1.5,0.45,165.14,-1.5845000000000002,-0.0,1.11925,165.75594051794104,0.372980815030311
Table 8,13,80.0,1.1,0.5,154.68,-0.6177000000000001,-0.0,1.0478100000000001,154.2020627342507,-0.3089845266028694
Table 8,13,80.0,1.2,0.5,159.11,-0.8275999999999999,-0.0,1.07584,158.32712721964498,-0.49203241804728487
Table 8,13,80.0,1.3,0.5,161.46,-1.0587000000000002,-0.0,1.09709,161.454405860909,-0.0034647213495703944
Table 8,13,80.0,1.4,0.5,162.99,-1.311,-0.0,1.11156,163.58389865804267,0.3643773593733735
Table 8,13,80.0,1.5,0.5,164.1,-1.5845000000000002,-0.0,1.11925,164.71560561104596,0.3751405308019284
Table 8,13,100.0,1.1,0.2,102.79,-0.6177000000000001,-0.0,1.0478100000000001,102.50713793333128,-0.27518442131406473
Table 8,13,100.0,1.2,0.2,105.76,-0.8275999999999999,-0.0,1.07584,105.24930977390473,-0.4828765375333566
Table 8,13,100.0,1.3,0.2,107.34,-1.0587000000000002,-0.0,1.09709,107.32819495450357,-0.01099780649937625
Table 8,13,100.0,1.4,0.2,108.36,-1.311,-0.0,1.11156,108.74379347512786,0.3541837164339789
Table 8,13,100.0,1.5,0.2,109.11,-1.5845000000000002,-0.0,1.11925,109.49610533577751,0.35386796423564737
Table 8,13,100.0,1.1,0.25,102.45,-0.6177000000000001,-0.0,1.0478100000000001,102.08936609087931,-0.3520096721529462
Table 8,13,100.0,1.2,0.25,105.31,-0.8275999999999999,-0.0,1.07584,104.82036210306408,-0.4649490997397376
Table 8,13,100.0,1.3,0.25,106.88,-1.0587000000000002,-0.0,1.09709,106.89077470595123,0.01008112458012244
Table 8,13,100.0,1.4,0.25,107.9,-1.311,-0.0,1.11156,108.30060389954076,0.3712733081934708
Table 8,13,100.0,1.5,0.25,108.65,-1.5845000000000002,-0.0,1.11925,109.04984968383262,0.3680162759619082
Table 8,13,100.0,1.1,0.3,101.73,-0.6177000000000001,-0.0,1.0478100000000001,101.38216450848276,-0.3419202708318535
Table 8,13,100.0,1.2,0.3,104.59,-0.8275999999999999,-0.0,1.07584,104.0942421477234,-0.4740011973196262
Table 8,13,100.0,1.3,0.3,106.14,-1.0587000000000002,-0.0,1.09709,106.15031242363723,0.009715869264396975
Table 8,13,100.0,1.4,0.3,107.15,-1.311,-0.0,1.11156,107.5503753362242,0.3736587365601501
Table 8,13,100.0,1.5,0.3,107.9,-1.5845000000000002,-0.0,1.11925,108.29443088548432,0.3655522571680366
Table 8,13,100.0,1.1,0.35,100.97,-0.6177000000000001,-0.0,1.0478100000000001,100.65970437606818,-0.30731467161713555
Table 8,13,100.0,1.2,0.35,103.87,-0.8275999999999999,-0.0,1.07584,103.35245546038801,-0.4982618076557136
Table 8,13,100.0,1.3,0.35,105.4,-1.0587000000000002,-0.0,1.09709,105.39387395991699,-0.005812182241952438
Table 8,13,100.0,1.4,0.35,106.39,-1.311,-0.0,1.11156,106.78395987465508,0.37029784251817033
Table 8,13,100.0,1.5,0.35,107.12,-1.5845000000000002,-0.0,1.11925,107.52271320460227,0.3759458594121213
Table 8,13,100.0,1.1,0.4,100.26,-0.6177000000000001,-0.0,1.0478100000000001,99.99109399062932,-0.2682086668369055
Table 8,13,100.0,1.2,0.4,103.21,-0.8275999999999999,-0.0,1.07584,102.6659590563925,-0.5271203794278643
Table 8,13,100.0,1.3,0.4,104.71,-1.0587000000000002,-0.0,1.09709,104.69381787364074,-0.015454232030612466
Table 8,13,100.0,1.4,0.4,105.69,-1.311,-0.0,1.11156,106.07467044237403,0.3639610581644721
Table 8,13,100.0,1.5,0.4,106.4,-1.5845000000000002,-0.0,1.11925,106.80851676259232,0.3839443257446554
Table 8,13,100.0,1.1,0.45,99.59,-0.6177000000000001,-0.0,1.0478100000000001,99.36291214260419,-0.22802275067357738
Table 8,13,100.0,1.2,0.45,102.58,-0.8275999999999999,-0.0,1.07584,102.02097269495354,-0.5449671525116553
Table 8,13,100.0,1.3,0.45,104.07,-1.0587000000000002,-0.0,1.09709,104.03609173660263,-0.03258216911440822
Table 8,13,100.0,1.4,0.45,105.03,-1.311,-0.0,1.11156,105.40826926755147,0.3601535442744681
Table 8,13,100.0,1.5,0.45,105.73,-1.5845000000000002,-0.0,1.11925,106.13750528780001,0.3854206826823101
Table 8,13,100.0,1.1,0.5,98.95,-0.6177000000000001,-0.0,1.0478100000000001,98.74437572854102,-0.20780623694692985
Table 8,13,100.0,1.2,0.5,101.92,-0.8275999999999999,-0.0,1.07584,101.38588979279979,-0.5240484764523297
Table 8,13,100.0,1.3,0.5,103.44,-1.0587000000000002,-0.0,1.09709,103.38846467205414,-0.04982146939854658
Table 8,13,100.0,1.4,0.5,104.39,-1.311,-0.0,1.11156,104.75210036630406,0.3468726566759867
Table 8,13,100.0,1.5,0.5,105.08,-1.5845000000000002,-0.0,1.11925,105.47679687554951,0.37761408027170934
Table 8,13,120.0,1.1,0.2,71.66,-0.6177000000000001,-0.0,1.0478100000000001,71.45457763757136,-0.2866625208325915
Table 8,13,120.0,1.2,0.2,73.74,-0.8275999999999999,-0.0,1.07584,73.36606140961125,-0.5071041366812404
Table 8,13,120.0,1.3,0.2,74.82,-1.0587000000000002,-0.0,1.09709,74.81518842194973,-0.006430871491934714
Table 8,13,120.0,1.4,0.2,75.53,-1.311,-0.0,1.11156,75.80195867458683,0.3600670919989765
Table 8,13,120.0,1.5,0.2,76.04,-1.5845000000000002,-0.0,1.11925,76.32637216752249,0.3766072692299929
Table 8,13,120.0,1.1,0.25,71.22,-0.6177000000000001,-0.0,1.0478100000000001,70.99889724277318,-0.31045037521316554
Table 8,13,120.0,1.2,0.25,73.27,-0.8275999999999999,-0.0,1.07584,72.89819109348555,-0.5074503978633076
Table 8,13,120.0,1.3,0.25,74.34,-1.0587000000000002,-0.0,1.09709,74.33807672772164,-0.002587129779878006
Table 8,13,120.0,1.4,0.25,75.04,-1.311,-0.0,1.11156,75.31855414548149,0.37120754994866606
Table 8,13,120.0,1.5,0.25,75.55,-1.5845000000000002,-0.0,1.11925,75.83962334676505,0.3833532055129777
Table 8,13,120.0,1.1,0.3,70.66,-0.6177000000000001,-0.0,1.0478100000000001,70.45309193788772,-0.2928220522392818
Table 8,13,120.0,1.2,0.3,72.72,-0.8275999999999999,-0.0,1.07584,72.33778493281903,-0.5255982772015473
Table 8,13,120.0,1.3,0.3,73.78,-1.0587000000000002,-0.0,1.09709,73.76660142023576,-0.018160178590732465
Table 8,13,120.0,1.4,0.3,74.46,-1.311,-0.0,1.11156,74.73954140013788,0.3754249263200206
Table 8,13,120.0,1.5,0.3,74.96,-1.5845000000000002,-0.0,1.11925,75.2566048725254,0.39568419493784274
Table 8,13,120.0,1.1,0.35,70.13,-0.6177000000000001,-0.0,1.0478100000000001,69.9458571458952,-0.2625735834946411
Table 8,13,120.0,1.2,0.35,72.21,-0.8275999999999999,-0.0,1.07584,71.81698108611282,-0.5442721422063085
Table 8,13,120.0,1.3,0.35,73.25,-1.0587000000000002,-0.0,1.09709,73.23551065192177,-0.019780679970278034
Table 8,13,120.0,1.4,0.35,73.93,-1.311,-0.0,1.11156,74.20144584332203,0.36716602640609663
Table 8,13,120.0,1.5,0.35,74.42,-1.5845000000000002,-0.0,1.11925,74.7147866603136,0.39611214769363734
Table 8,13,120.0,1.1,0.4,69.64,-0.6177000000000001,-0.0,1.0478100000000001,69.46949709093265,-0.24483473444479034
Table 8,13,120.0,1.2,0.4,71.69,-0.8275999999999999,-0.0,1.07584,71.32787790754905,-0.50512218224431
Table 8,13,120.0,1.3,0.4,72.77,-1.0587000000000002,-0.0,1.09709,72.73674670359253,-0.04569643590417189
Table 8,13,120.0,1.4,0.4,73.44,-1.311,-0.0,1.11156,73.69610347906308,0.3487247808593214
Table 8,13,120.0,1.5,0.4,73.92,-1.5845000000000002,-0.0,1.11925,74.20594823396071,0.3868347320897048
Table 8,13,120.0,1.1,0.45,69.19,-0.6177000000000001,-0.0,1.0478100000000001,69.02959779187415,-0.23182859969048264
Table 8,13,120.0,1.2,0.45,71.21,-0.8275999999999999,-0.0,1.07584,70.87621084777763,-0.4687391549253837
Table 8,13,120.0,1.3,0.45,72.33,-1.0587000000000002,-0.0,1.09709,72.27615831256354,-0.07443894295100235
Table 8,13,120.0,1.4,0.45,72.98,-1.311,-0.0,1.11156,73.22944018623188,0.3417925270373795
Table 8,13,120.0,1.5,0.45,73.46,-1.5845000000000002,-0.0,1.11925,73.73605646878265,0.375791544762668
Table 8,13,120.0,1.1,0.5,68.76,-0.6177000000000001,-0.0,1.0478100000000001,68.59533870605364,-0.23947250428500075
Table 8,13,120.0,1.2,0.5,70.75,-0.8275999999999999,-0.0,1.07584,70.43033488277526,-0.4518234872434547
Table 8,13,120.0,1.3,0.5,71.85,-1.0587000000000002,-0.0,1.09709,71.82147540205226,-0.03970020591195081
Table 8,13,120.0,1.4,0.5,72.54,-1.311,-0.0,1.11156,72.76876026388466,0.31535740816742786
Table 8,13,120.0,1.5,0.5,73.01,-1.5845000000000002,-0.0,1.11925,73.27218946827243,0.3591144614058685
Table 8,13,140.0,1.1,0.2,52.77,-0.6177000000000001,-0.0,1.0478100000000001,52.494480115902995,-0.5221146183380863
Table 8,13,140.0,1.2,0.2,54.31,-0.8275999999999999,-0.0,1.07584,53.89876169142599,-0.7572055028061377
Table 8,13,140.0,1.3,0.2,55.1,-1.0587000000000002,-0.0,1.09709,54.96337044918068,-0.24796651691346971
Table 8,13,140.0,1.4,0.2,55.0,-1.311,-0.0,1.11156,55.68830638916705,1.2514661621219147
Table 8,13,140.0,1.5,0.2,55.97,-1.5845000000000002,-0.0,1.11925,56.0735695113851,0.18504468712721708
Table 8,13,140.0,1.1,0.25,52.37,-0.6177000000000001,-0.0,1.0478100000000001,52.212237542296634,-0.3012458615683849
Table 8,13,140.0,1.2,0.25,53.9,-0.8275999999999999,-0.0,1.07584,53.608968837388844,-0.539946498350937
Table 8,13,140.0,1.3,0.25,54.67,-1.0587000000000002,-0.0,1.09709,54.667853604449476,-0.003926093928160648
Table 8,13,140.0,1.4,0.25,55.18,-1.311,-0.0,1.11156,55.38889184347854,0.37856441369797
Table 8,13,140.0,1.5,0.25,55.55,-1.5845000000000002,-0.0,1.11925,55.77208355447601,0.3997903770945363
Table 8,13,140.0,1.1,0.3,51.94,-0.6177000000000001,-0.0,1.0478100000000001,51.791433898693874,-0.2860340802967333
Table 8,13,140.0,1.2,0.3,53.46,-0.8275999999999999,-0.0,1.07584,53.17690826158445,-0.5295393535644403
Table 8,13,140.0,1.3,0.3,54.24,-1.0587000000000002,-0.0,1.09709,54.22725896481046,-0.02349010912526191
Table 8,13,140.0,1.4,0.3,54.74,-1.311,-0.0,1.11156,54.9424860083719,0.3699050207743864
Table 8,13,140.0,1.5,0.3,55.1,-1.5845000000000002,-0.0,1.11925,55.322589392268746,0.4039734886910068
Table 8,13,140.0,1.1,0.35,51.55,-0.6177000000000001,-0.0,1.0478100000000001,51.405258480377015,-0.28077889354603813
Table 8,13,140.0,1.2,0.35,53.04,-0.8275999999999999,-0.0,1.07584,52.78040225186704,-0.4894376850168952
Table 8,13,140.0,1.3,0.35,53.85,-1.0587000000000002,-0.0,1.09709,53.822921165322725,-0.05028567256690087
Table 8,13,140.0,1.4,0.35,54.34,-1.311,-0.0,1.11156,54.5328152207441,0.3548311018478
Table 8,13,140.0,1.5,0.35,54.69,-1.5845000000000002,-0.0,1.11925,54.91008441813112,0.40242168244856935
Table 8,13,140.0,1.1,0.4,51.19,-0.6177000000000001,-0.0,1.0478100000000001,51.05565773888657,-0.2624384862540035
Table 8,13,140.0,1.2,0.4,52.67,-0.8275999999999999,-0.0,1.07584,52.421449329366695,-0.4719017858995765
Table 8,13,140.0,1.3,0.4,53.48,-1.0587000000000002,-0.0,1.09709,53.45687820192121,-0.04323447658711731
Table 8,13,140.0,1.4,0.4,53.98,-1.311,-0.0,1.11156,54.161944356550094,0.33705883021507516
Table 8,13,140.0,1.5,0.4,54.33,-1.5845000000000002,-0.0,1.11925,54.53664779325335,0.3803566965826487
Table 8,13,140.0,1.1,0.45,50.86,-0.6177000000000001,-0.0,1.0478100000000001,50.725179750033824,-0.26508110492759585
Table 8,13,140.0,1.2,0.45,52.32,-0.8275999999999999,-0.0,1.07584,52.08213071289296,-0.4546431328498442
Table 8,13,140.0,1.3,0.45,53.12,-1.0587000000000002,-0.0,1.09709,53.11085736151077,-0.01721129233665312
Table 8,13,140.0,1.4,0.45,53.64,-1.311,-0.0,1.11156,53.81135969588723,0.3194625202968417
Table 8,13,140.0,1.5,0.45,53.99,-1.5845000000000002,-0.0,1.11925,54.183637716022325,0.35865478055625677
Table 8,13,140.0,1.1,0.5,50.52,-0.6177000000000001,-0.0,1.0478100000000001,50.400525963932246,-0.2364885907912848
Table 8,13,140.0,1.2,0.5,51.99,-0.8275999999999999,-0.0,1.07584,51.74879210261102,-0.4639505623946566
Table 8,13,140.0,1.3,0.5,52.78,-1.0587000000000002,-0.0,1.09709,52.77093464442066,-0.017175740013903134
Table 8,13,140.0,1.4,0.5,53.29,-1.311,-0.0,1.11156,53.46695358936117,0.3320577769960009
Table 8,13,140.0,1.5,0.5,53.66,-1.5845000000000002,-0.0,1.11925,53.836848937432514,0.3295731223118097
Table 8,13,160.0,1.1,0.2,40.47,-0.6177000000000001,-0.0,1.0478100000000001,40.34443960048249,-0.31025549670746416
Table 8,13,160.0,1.2,0.2,41.65,-0.8275999999999999,-0.0,1.07584,41.42369503992429,-0.5433492438792522
Table 8,13,160.0,1.3,0.2,42.25,-1.0587000000000002,-0.0,1.09709,42.24189618470268,-0.019180627922645802
Table 8,13,160.0,1.4,0.2,42.63,-1.311,-0.0,1.11156,42.79904303481768,0.3965353854508002
Table 8,13,160.0,1.5,0.2,42.92,-1.5845000000000002,-0.0,1.11925,43.095135590269244,0.40805123548285743
Table 8,13,160.0,1.1,0.25,40.13,-0.6177000000000001,-0.0,1.0478100000000001,40.00038743865173,-0.3229817128040727
Table 8,13,160.0,1.2,0.25,41.29,-0.8275999999999999,-0.0,1.07584,41.07043912732181,-0.5317531428389126
Table 8,13,160.0,1.3,0.25,41.89,-1.0587000000000002,-0.0,1.09709,41.88166275858258,-0.019902700924855795
Table 8,13,160.0,1.4,0.25,42.27,-1.311,-0.0,1.11156,42.43405833243404,0.3881200199527758
Table 8,13,160.0,1.5,0.25,42.55,-1.5845000000000002,-0.0,1.11925,42.72762584887617,0.4174520537630447
Table 8,13,160.0,1.1,0.3,39.79,-0.6177000000000001,-0.0,1.0478100000000001,39.66610337045842,-0.3113762994259272
Table 8,13,160.0,1.2,0.3,40.93,-0.8275999999999999,-0.0,1.07584,40.727212614953075,-0.49544926715593657
Table 8,13,160.0,1.3,0.3,41.55,-1.0587000000000002,-0.0,1.09709,41.5316568334872,-0.04414721182382616
Table 8,13,160.0,1.4,0.3,41.92,-1.311,-0.0,1.11156,42.0794360260608,0.38033403163357743
Table 8,13,160.0,1.5,0.3,42.2,-1.5845000000000002,-0.0,1.11925,42.37055019267385,0.40414737600438533
Table 8,13,160.0,1.1,0.35,39.48,-0.6177000000000001,-0.0,1.0478100000000001,39.36648496676539,-0.2875254134615141
Table 8,13,160.0,1.2,0.35,40.61,-0.8275999999999999,-0.0,1.07584,40.41957910942334,-0.46890147888860106
Table 8,13,160.0,1.3,0.35,41.23,-1.0587000000000002,-0.0,1.09709,41.21794694857716,-0.029233692512343416
Table 8,13,160.0,1.4,0.35,41.62,-1.311,-0.0,1.11156,41.76158848422685,0.3401933787286187
Table 8,13,160.0,1.5,0.35,41.89,-1.5845000000000002,-0.0,1.11925,42.0505037163724,0.3831552073821827
Table 8,13,160.0,1.1,0.4,39.19,-0.6177000000000001,-0.0,1.0478100000000001,39.091813518461215,-0.25053963138245033
Table 8,13,160.0,1.2,0.4,40.33,-0.8275999999999999,-0.0,1.07584,40.13755991611199,-0.4771636099380336
Table 8,13,160.0,1.3,0.4,40.94,-1.0587000000000002,-0.0,1.09709,40.93035730997853,-0.02355322428301228
Table 8,13,160.0,1.4,0.4,41.33,-1.311,-0.0,1.11156,41.47020570006084,0.3392346964936836
Table 8,13,160.0,1.5,0.4,41.61,-1.5845000000000002,-0.0,1.11925,41.75710508635889,0.3535330121578741
Table 8,13,160.0,1.1,0.45,38.93,-0.6177000000000001,-0.0,1.0478100000000001,38.955639995614995,0.06586179197275843
Table 8,13,160.0,1.2,0.45,40.7,-0.8275999999999999,-0.0,1.07584,39.99774361084779,-1.7254456735926562
Table 8,13,160.0,1.3,0.45,40.67,-1.0587000000000002,-0.0,1.09709,40.78777935197149,0.2895976197971118
Table 8,13,160.0,1.4,0.45,41.06,-1.311,-0.0,1.11156,41.32574721898608,0.6472168022067177
Table 8,13,160.0,1.5,0.45,41.34,-1.5845000000000002,-0.0,1.11925,41.611647211891544,0.6571050118324637
Table 8,13,160.0,1.1,0.5,38.68,-0.6177000000000001,-0.0,1.0478100000000001,38.58631248803472,-0.2422117682659727
Table 8,13,160.0,1.2,0.5,39.82,-0.8275999999999999,-0.0,1.07584,39.61853621088486,-0.5059361856231493
Table 8,13,160.0,1.3,0.5,40.41,-1.0587000000000002,-0.0,1.09709,40.40108184451189,-0.02206917962906139
Table 8,13,160.0,1.4,0.5,40.79,-1.311,-0.0,1.11156,40.933949388915806,0.3529036256822928
Table 8,13,160.0,1.5,0.5,41.07,-1.5845000000000002,-0.0,1.11925,41.2171388440966,0.3582635600112062
Table 8,13,180.0,1.1,0.2,32.01,-0.6177000000000001,-0.0,1.0478100000000001,31.90538740196028,-0.3268122400491052
Table 8,13,180.0,1.2,0.2,32.93,-0.8275999999999999,-0.0,1.07584,32.75888947664647,-0.5196189594701682
Table 8,13,180.0,1.3,0.2,33.41,-1.0587000000000002,-0.0,1.09709,33.4059433149298,-0.01214212831546366
Table 8,13,180.0,1.4,0.2,33.72,-1.311,-0.0,1.11156,33.84654891681027,0.37529334759867083
Table 8,13,180.0,1.5,0.2,33.94,-1.5845000000000002,-0.0,1.11925,34.080706282287856,0.4145736072123119
Table 8,13,180.0,1.1,0.25,31.73,-0.6177000000000001,-0.0,1.0478100000000001,31.620896872213315,-0.3438484960185484
Table 8,13,180.0,1.2,0.25,32.63,-0.8275999999999999,-0.0,1.07584,32.46678853131958,-0.50018838087779
Table 8,13,180.0,1.3,0.25,33.12,-1.0587000000000002,-0.0,1.09709,33.10807278947185,-0.0360121090825773
Table 8,13,180.0,1.4,0.25,33.42,-1.311,-0.0,1.11156,33.544749646670134,0.3732784161284623
Table 8,13,180.0,1.5,0.25,33.63,-1.5845000000000002,-0.0,1.11925,33.776819102914416,0.43657181954925267
Table 8,13,180.0,1.1,0.3,31.44,-0.6177000000000001,-0.0,1.0478100000000001,31.338706502085607,-0.32218033687784425
Table 8,13,180.0,1.2,0.3,32.3,-0.8275999999999999,-0.0,1.07584,32.177049277258064,-0.3806523923898864
Table 8,13,180.0,1.3,0.3,32.83,-1.0587000000000002,-0.0,1.09709,32.812610603423416,-0.052968006629859225
Table 8,13,180.0,1.4,0.3,33.14,-1.311,-0.0,1.11156,33.24539048058167,0.31801593416315194
Table 8,13,180.0,1.5,0.3,33.35,-1.5845000000000002,-0.0,1.11925,33.475388908732796,0.3759787368299695
Table 8,13,180.0,1.1,0.35,31.19,-0.6177000000000001,-0.0,1.0478100000000001,31.1100360614782,-0.2563768468156462
Table 8,13,180.0,1.2,0.35,32.1,-0.8275999999999999,-0.0,1.07584,31.942261666123343,-0.4913966787434829
Table 8,13,180.0,1.3,0.35,32.58,-1.0587000000000002,-0.0,1.09709,32.573185465577836,-0.020916311915782554
Table 8,13,180.0,1.4,0.35,32.89,-1.311,-0.0,1.11156,33.00280745984168,0.3429840676244328
Table 8,13,180.0,1.5,0.35,33.11,-1.5845000000000002,-0.0,1.11925,33.23112764891486,0.365834034777582
Table 8,13,180.0,1.1,0.4,30.97,-0.6177000000000001,-0.0,1.0478100000000001,30.892867476074287,-0.2490556148715284
Table 8,13,180.0,1.2,0.4,31.88,-0.8275999999999999,-0.0,1.07584,31.719283596701455,-0.5041292449766115
Table 8,13,180.0,1.3,0.4,32.35,-1.0587000000000002,-0.0,1.09709,32.34580313160433,-0.012973318070089343
Table 8,13,180.0,1.4,0.4,32.66,-1.311,-0.0,1.11156,32.7724260807829,0.34423172315647027
Table 8,13,180.0,1.5,0.4,32.88,-1.5845000000000002,-0.0,1.11925,32.99915244423716,0.3623857793100935
Table 8,13,180.0,1.1,0.45,30.76,-0.6177000000000001,-0.0,1.0478100000000001,30.685341118073776,-0.2427141805143879
Table 8,13,180.0,1.2,0.45,31.66,-0.8275999999999999,-0.0,1.07584,31.506205694227468,-0.4857684958071136
Table 8,13,180.0,1.3,0.45,32.14,-1.0587000000000002,-0.0,1.09709,32.12851651275284,-0.035729580731679714
Table 8,13,180.0,1.4,0.45,32.44,-1.311,-0.0,1.11156,32.552273573649884,0.34609609633134025
Table 8,13,180.0,1.5,0.45,32.66,-1.5845000000000002,-0.0,1.11925,32.77747687691859,0.3596965000569337
Table 8,13,180.0,1.1,0.5,30.56,-0.6177000000000001,-0.0,1.0478100000000001,30.491273408849626,-0.224890677848079
Table 8,13,180.0,1.2,0.5,31.46,-0.8275999999999999,-0.0,1.07584,31.306946473288832,-0.48650199208890266
Table 8,13,180.0,1.3,0.5,31.94,-1.0587000000000002,-0.0,1.09709,31.925321522141253,-0.04595641158030086
Table 8,13,180.0,1.4,0.5,32.24,-1.311,-0.0,1.11156,32.346398555406886,0.3300203331479019
Table 8,13,180.0,1.5,0.5,32.45,-1.5845000000000002,-0.0,1.11925,32.570177573085715,0.37034691243670936
Table 8,13,200.0,1.1,0.2,25.96,-0.6177000000000001,-0.0,1.0478100000000001,25.822245072278616,-0.53064301895757
Table 8,13,200.0,1.2,0.2,26.69,-0.8275999999999999,-0.0,1.07584,26.513016805108006,-0.6631067624278597
Table 8,13,200.0,1.3,0.2,26.87,-1.0587000000000002,-0.0,1.09709,27.0367021180807,0.6204023746955705
Table 8,13,200.0,1.4,0.2,27.33,-1.311,-0.0,1.11156,27.3933010111967,0.23161731136737349
Table 8,13,200.0,1.5,0.2,27.51,-1.5845000000000002,-0.0,1.11925,27.582813484455997,0.26468005981823095
Table 8,13,200.0,1.1,0.25,25.7,-0.6177000000000001,-0.0,1.0478100000000001,25.618898304839526,-0.31557079828978013
Table 8,13,200.0,1.2,0.25,26.44,-0.8275999999999999,-0.0,1.07584,26.30423030156092,-0.5135011287408494
Table 8,13,200.0,1.3,0.25,26.83,-1.0587000000000002,-0.0,1.09709,26.823791661900906,-0.02313953820012193
Table 8,13,200.0,1.4,0.25,27.08,-1.311,-0.0,1.11156,27.17758238585948,0.36034854453279985
Table 8,13,200.0,1.5,0.25,27.25,-1.5845000000000002,-0.0,1.11925,27.36560247343663,0.4242292603179127
Table 8,13,200.0,1.1,0.3,25.47,-0.6177000000000001,-0.0,1.0478100000000001,25.39798817649137,-0.2827319336813044
Table 8,13,200.0,1.2,0.3,26.21,-0.8275999999999999,-0.0,1.07584,26.07741059905562,-0.5058733343929008
Table 8,13,200.0,1.3,0.3,26.6,-1.0587000000000002,-0.0,1.09709,26.59249181487761,-0.028226259858608764
Table 8,13,200.0,1.4,0.3,26.85,-1.311,-0.0,1.11156,26.943231823957344,0.34723211902176027
Table 8,13,200.0,1.5,0.3,27.02,-1.5845000000000002,-0.0,1.11925,27.12963062629481,0.4057388093812325
Table 8,13,200.0,1.1,0.35,25.3,-0.6177000000000001,-0.0,1.0478100000000001,25.207539350536,-0.3654571125059355
Table 8,13,200.0,1.2,0.35,26.01,-0.8275999999999999,-0.0,1.07584,25.8818670702519,-0.4926294876897406
Table 8,13,200.0,1.3,0.35,26.39,-1.0587000000000002,-0.0,1.09709,26.393085908780726,0.01169347775947627
Table 8,13,200.0,1.4,0.35,26.64,-1.311,-0.0,1.11156,26.741195866122478,0.379864362321612
Table 8,13,200.0,1.5,0.35,26.82,-1.5845000000000002,-0.0,1.11925,26.926196942277144,0.3959617534569129
Table 8,13,200.0,1.1,0.4,25.09,-0.6177000000000001,-0.0,1.0478100000000001,25.02328911947534,-0.2658863313059382
Table 8,13,200.0,1.2,0.4,25.82,-0.8275999999999999,-0.0,1.07584,25.69268795516014,-0.4930753092171242
Table 8,13,200.0,1.3,0.4,26.21,-1.0587000000000002,-0.0,1.09709,26.20017012634466,-0.03750428712453916
Table 8,13,200.0,1.4,0.4,26.45,-1.311,-0.0,1.11156,26.545735633028897,0.3619494632472518
Table 8,13,200.0,1.5,0.4,26.63,-1.5845000000000002,-0.0,1.11925,26.729384475212846,0.3732049388390816
Table 8,13,200.0,1.1,0.45,24.92,-0.6177000000000001,-0.0,1.0478100000000001,24.86000772026149,-0.24073948530703299
Table 8,13,200.0,1.2,0.45,25.65,-0.8275999999999999,-0.0,1.07584,25.525038609830137,-0.4871789090442949
Table 8,13,200.0,1.3,0.45,26.04,-1.0587000000000002,-0.0,1.09709,26.02920936984918,-0.04143867185414253
Table 8,13,200.0,1.4,0.45,26.28,-1.311,-0.0,1.11156,26.372520000318627,0.35205479573297377
Table 8,13,200.0,1.5,0.45,26.46,-1.5845000000000002,-0.0,1.11925,26.554970501238458,0.35892101753007166
Table 8,13,200.0,1.1,0.5,24.76,-0.6177000000000001,-0.0,1.0478100000000001,24.700530797108897,-0.24018256418055248
Table 8,13,200.0,1.2,0.5,25.48,-0.8275999999999999,-0.0,1.07584,25.361295514226462,-0.4658731780751098
Table 8,13,200.0,1.3,0.5,25.87,-1.0587000000000002,-0.0,1.09709,25.862232019354842,-0.030026983552992485
Table 8,13,200.0,1.4,0.5,26.12,-1.311,-0.0,1.11156,26.203340312494028,0.3190670463017873
Table 8,13,200.0,1.5,0.5,26.29,-1.5845000000000002,-0.0,1.11925,26.384620393644013,0.3599102078509479
