table,a_over_t,c_over_a,row_count,cufsm_strictly_increasing_with_a_over_b,printed_positive_scale,printed_relative_rmse,reconstructed_positive_scale,reconstructed_relative_rmse,reconstructed_max_abs_relative_error,unconstrained_normalized_linear,unconstrained_normalized_quadratic
Table 4,40.0,0.2,5,True,0.0,1.0,530.5543770429307,0.002989874683023011,0.005789878798221956,27.38845579697763,-9.132940786198809
Table 4,40.0,0.25,5,True,0.0,1.0,531.5615338088389,0.0026409725704721362,0.004210822768353538,20.525520338547256,-6.875691887352048
Table 4,40.0,0.3,5,True,0.0,1.0,523.6275312423081,0.0018950488381660868,0.0030386901480858736,7.03390408728463,-2.3081885255815475
Table 4,40.0,0.35,5,True,0.0,1.0,504.09279474158654,0.0030581448149409073,0.0041989822170205695,3.5779417697881226,-1.1739045609437033
Table 4,40.0,0.4,5,True,0.0,1.0,470.3853317532823,0.006890062168031523,0.009078480740652645,2.547088060954573,-0.8518463162715179
Table 4,40.0,0.45,5,True,0.0,1.0,420.2417190829846,0.011536472026783965,0.018383620151718363,1.0212895702853841,-0.336047577780014
Table 4,40.0,0.5,5,True,0.0,1.0,366.63706451153075,0.014625067705086007,0.023869339958768408,0.6345648444918195,-0.20851583933528342
Table 4,60.0,0.2,5,True,0.0,1.0,238.3588726947273,0.0019225046458791319,0.003202947990766562,6.720895962275316,-2.210433244916016
Table 4,60.0,0.25,5,True,0.0,1.0,237.56327347155778,0.0019942936349399846,0.0036253084416174816,6.237799385496369,-2.0560580446934744
Table 4,60.0,0.3,5,True,0.0,1.0,233.5467528672329,0.0024353136955031908,0.004402509788470098,7.017645277617247,-2.3329754727888496
Table 4,60.0,0.35,5,True,0.0,1.0,224.7885731353211,0.002948418569854862,0.0040911809829766,3.5727417861904756,-1.1708234614764157
Table 4,60.0,0.4,5,True,0.0,1.0,209.29239342994836,0.006168863902061265,0.00872999701742874,2.3050551200764837,-0.7609168795322094
Table 4,60.0,0.45,5,True,0.0,1.0,187.1301876092066,0.011300300887539796,0.017650892390767677,1.1883711866579056,-0.39562238921918846
Table 4,60.0,0.5,5,True,0.0,1.0,162.9425255232831,0.015298992298443061,0.02482974829477224,0.602257974777474,-0.19936943620178937
Table 4,80.0,0.2,5,True,0.0,1.0,134.65551868023422,0.0019033025990371076,0.0031524993127354764,8.017499764787802,-2.64109353368896
Table 4,80.0,0.25,5,True,0.0,1.0,133.9877025895148,0.0016654290589756234,0.0028408276570034132,5.705622707441868,-1.867253834128744
Table 4,80.0,0.3,5,True,0.0,1.0,131.5338896559453,0.0021586600691536847,0.003945802439275005,5.585872674886079,-1.842783111554504
Table 4,80.0,0.35,5,True,0.0,1.0,126.58587845087591,0.0029011130412367734,0.004050376827626768,3.594159434119647,-1.1776555944321412
Table 4,80.0,0.4,5,True,0.0,1.0,117.7563047274494,0.00644690970802991,0.009343768314180828,2.0570842418570043,-0.675437072246573
Table 4,80.0,0.45,5,True,0.0,1.0,105.25746023573787,0.011396490337818126,0.018162383961466095,1.0250994796450048,-0.33670033670036076
Table 4,80.0,0.5,5,True,0.0,1.0,91.66019918408618,0.015245977496684755,0.024949509572818697,0.5652193291680059,-0.18537427369752557
Table 4,100.0,0.2,5,True,0.0,1.0,86.30455737916205,0.0021844654581758727,0.0034357088032876083,8.53367452736543,-2.8236747479649837
Table 4,100.0,0.25,5,True,0.0,1.0,85.82305704705465,0.00200350413720916,0.0033260179889544666,7.602414963936671,-2.516424567536751
Table 4,100.0,0.3,5,True,0.0,1.0,84.2515147594214,0.0019112152041317284,0.0035053909545303364,5.1233704387164645,-1.6816477171259765
Table 4,100.0,0.35,5,True,0.0,1.0,81.05087302049192,0.002987705370281772,0.004136920621676413,3.779358820504068,-1.2429281673238595
Table 4,100.0,0.4,5,True,0.0,1.0,75.37984796190548,0.0066334404937164,0.009608043975370543,2.0507457733688508,-0.6746017884588923
Table 4,100.0,0.45,5,True,0.0,1.0,67.38310977062297,0.011313711161207787,0.017878755755230857,1.1012830071888224,-0.3640110856323037
Table 4,100.0,0.5,5,True,0.0,1.0,58.67067790661107,0.015083085928824,0.024659320683386447,0.5785621848364838,-0.18965594180910664
Table 4,120.0,0.2,5,True,0.0,1.0,60.00013573478367,0.002023358811633875,0.0030803702098895686,7.353782714802689,-2.41942270470421
Table 4,120.0,0.25,5,True,0.0,1.0,59.630621467015715,0.002013685239438525,0.0035258185915784555,6.813195527477493,-2.2468346065396183
Table 4,120.0,0.3,5,True,0.0,1.0,58.5307705082442,0.0019236606220184673,0.003485612540125971,5.537378927743565,-1.8246100677551242
Table 4,120.0,0.35,5,True,0.0,1.0,56.296091299727514,0.0030361798382183944,0.004183050577131808,3.852861814478181,-1.2687407301514377
Table 4,120.0,0.4,5,True,0.0,1.0,52.3533208257599,0.006593669125164901,0.009276989444834847,2.1992353218456766,-0.7267061226627469
Table 4,120.0,0.45,5,True,0.0,1.0,46.79620227173155,0.011367320099068315,0.01815120740202156,1.0161948082503758,-0.33330719159283095
Table 4,120.0,0.5,5,True,0.0,1.0,40.750173465553914,0.014950188590805569,0.024481625338312787,0.5919265105447312,-0.19407426575237136
Table 4,140.0,0.2,5,True,0.0,1.0,44.08344844348645,0.00213867330319678,0.0032814533790083995,9.15542091251294,-3.029468465987437
Table 4,140.0,0.25,5,True,0.0,1.0,43.86053035169953,0.0018871414837160435,0.003444287780941558,6.339461033245574,-2.0905274561582576
Table 4,140.0,0.3,5,True,0.0,1.0,43.115814899892264,0.0027236532368998855,0.004170925249031922,4.068831326766559,-1.3377112975800156
Table 4,140.0,0.35,5,True,0.0,1.0,41.59217151511859,0.005445364596083538,0.007499584712903321,2.3853354677060783,-0.7829899777283074
Table 4,140.0,0.4,5,True,0.0,1.0,38.82501019111936,0.010758288501865903,0.017361499315053534,0.9863040982262155,-0.31925861705368397
Table 4,140.0,0.45,5,True,0.0,1.0,34.771080054324074,0.016453505664809263,0.027402952703648918,0.3729879615853219,-0.11835520086569709
Table 4,140.0,0.5,5,True,0.0,1.0,30.268970054694012,0.019747549511906833,0.03304483192045915,0.15092022166561686,-0.04593854872872182
Table 4,160.0,0.2,5,True,0.0,1.0,33.76509766704336,0.0020816373153640915,0.003132747691769476,7.9062566165579256,-2.606923565530599
Table 4,160.0,0.25,5,True,0.0,1.0,33.58821371087301,0.0019217518652001244,0.0034323265663093088,6.270692826486937,-2.0692826486818308
Table 4,160.0,0.3,5,True,0.0,1.0,33.018297261458606,0.0027035719579682435,0.004137792941754345,4.037143488834881,-1.3265531726730164
Table 4,160.0,0.35,5,True,0.0,1.0,31.84757105685974,0.005390264228267708,0.007429999134794487,2.3593767641414582,-0.7733995709608569
Table 4,160.0,0.4,5,True,0.0,1.0,29.727204962353344,0.010680787428276994,0.017088588463128426,1.0468377836279488,-0.34082361790147264
Table 4,160.0,0.45,5,True,0.0,1.0,26.62071116866575,0.01628804498478608,0.027085895722369677,0.390389051011181,-0.12424655614033019
Table 4,160.0,0.5,5,True,0.0,1.0,23.17523234433996,0.01973350956875059,0.03292551960482442,0.17318814617671685,-0.05438120585526903
Table 4,180.0,0.2,5,True,0.0,1.0,26.68822226018229,0.0021231338924967065,0.0033794821112883362,8.634526558891505,-2.8507505773672213
Table 4,180.0,0.25,5,True,0.0,1.0,26.54441082592774,0.001960695026704251,0.003575054327770511,5.862132352941585,-1.930147058823666
Table 4,180.0,0.3,5,True,0.0,1.0,26.094029585370073,0.0026748191449810057,0.004150379953013931,4.0638178240092815,-1.3353949957830602
Table 4,180.0,0.35,5,True,0.0,1.0,25.16773232659124,0.005367095394177134,0.007489589419436689,2.3031096839614253,-0.7534786772576046
Table 4,180.0,0.4,5,True,0.0,1.0,23.490186927860194,0.010666679083821639,0.01704262121081497,1.031606759074882,-0.33519332768105875
Table 4,180.0,0.45,5,True,0.0,1.0,21.035390729840394,0.0164241671418528,0.027312764314471983,0.3908088590863738,-0.12492343402431015
Table 4,180.0,0.5,5,True,0.0,1.0,18.311025059094895,0.019676235624874548,0.032939759719242644,0.1687726215098409,-0.05251421923475255
Table 4,200.0,0.2,5,True,0.0,1.0,21.621693883196205,0.0021101557766490665,0.0033404370129238884,8.62814920324102,-2.848749221045323
Table 4,200.0,0.25,5,True,0.0,1.0,21.501918428046626,0.0018820832375663766,0.0033337388354296,6.296258153107485,-2.076896670099795
Table 4,200.0,0.3,5,True,0.0,1.0,21.132394290137725,0.002686761209318584,0.00415790306168331,4.218558907460684,-1.3886057888301493
Table 4,200.0,0.35,5,True,0.0,1.0,20.38620437042601,0.005360747406226967,0.007394572426761973,2.323114032021345,-0.7603300006991845
Table 4,200.0,0.4,5,True,0.0,1.0,19.030158282578057,0.010721210946951045,0.017250362244055354,1.0273756315585976,-0.3339972794403784
Table 4,200.0,0.45,5,True,0.0,1.0,17.03809751319179,0.01638120562957817,0.027101419329837055,0.4221521163218995,-0.1365042771340284
Table 4,200.0,0.5,5,True,0.0,1.0,14.832893824389322,0.019702211866703196,0.03285286383737546,0.16103411302173817,-0.04964060204122667
Table 8,40.0,0.2,5,True,0.0,1.0,571.0364849459407,0.0032188289447911012,0.005998519244760654,37.763223259354234,-12.634977906768508
Table 8,40.0,0.25,5,True,0.0,1.0,590.9629682657713,0.0018200155015005086,0.0033208970386464877,5.626766726919288,-1.8487076185492783
Table 8,40.0,0.3,5,True,0.0,1.0,596.6111032400324,0.0019134807050367108,0.0034187974571367485,7.104123753530102,-2.3531177104507135
Table 8,40.0,0.35,5,True,0.0,1.0,596.2592468898278,0.0024866621146444634,0.004068392836590234,9.433761716108092,-3.164556962025404
Table 8,40.0,0.4,5,True,0.0,1.0,594.1420009368801,0.0024590887417589393,0.004048410271216726,9.00548110234459,-3.018433409765059
Table 8,40.0,0.45,5,True,0.0,1.0,591.3501195506169,0.002132585041732961,0.003698771270772284,7.837329068038544,-2.6121948095657186
Table 8,40.0,0.5,5,True,0.0,1.0,588.0616907267022,0.0018844166415414659,0.0034491779925726776,5.7422033400603665,-1.8917766270326626
Table 8,60.0,0.2,5,True,0.0,1.0,265.63990163998034,0.0025242074375998553,0.004195157391001674,4.632517382110707,-1.5271891887188616
Table 8,60.0,0.25,5,True,0.0,1.0,268.13287075104824,0.002424912306308909,0.00397739220769392,4.395619433063999,-1.4451226591915343
Table 8,60.0,0.3,5,True,0.0,1.0,267.57509072447044,0.0024377798150864395,0.003985933136065715,4.3590865920631225,-1.4328777305197788
Table 8,60.0,0.35,5,True,0.0,1.0,266.1895426171772,0.002513850030000538,0.004043411249690834,4.269976954382467,-1.4035761567754768
Table 8,60.0,0.4,5,True,0.0,1.0,264.6131389740569,0.002596651478215979,0.004088160105477352,4.170199536487761,-1.3707534904754775
Table 8,60.0,0.45,5,True,0.0,1.0,263.0070663766371,0.0027316951594006196,0.00417567997944222,4.0555917938762045,-1.3334155324513401
Table 8,60.0,0.5,5,True,0.0,1.0,261.38069587638995,0.002884684217859228,0.00427106741384764,3.924251298270426,-1.2904611299832616
Table 8,80.0,0.2,5,True,0.0,1.0,151.7916590274403,0.0030580868559550757,0.004428833456798429,3.8664912070823445,-1.2727466071167997
Table 8,80.0,0.25,5,True,0.0,1.0,151.7215958739425,0.003172283649332007,0.0048276935433344,2.9374858786639657,-0.9519847021155813
Table 8,80.0,0.3,5,True,0.0,1.0,150.94749990462952,0.0031425456530726555,0.004442384150339494,3.7637614678901574,-1.2385321100918265
Table 8,80.0,0.35,5,True,0.0,1.0,150.07795215622528,0.00437113035429057,0.0074392079193864175,4.538534478217642,-1.5145129853027364
Table 8,80.0,0.4,5,True,0.0,1.0,149.01145633832883,0.0033633007610597166,0.0045794151690303365,3.6057506754152477,-1.1868004631417637
Table 8,80.0,0.45,5,True,0.0,1.0,148.09554658739427,0.003516103089675454,0.004641014302603625,3.4793469758524327,-1.1449370442331157
Table 8,80.0,0.5,5,True,0.0,1.0,147.16605370654094,0.0034959422771486167,0.004920324180472849,3.8446395607840556,-1.2703753908192958
Table 8,100.0,0.2,5,True,0.0,1.0,97.82989085171097,0.003345701149478907,0.004828765375333566,3.9716565190008906,-1.3121981944153738
Table 8,100.0,0.25,5,True,0.0,1.0,97.43118131233649,0.0035027701964605454,0.004649490997397376,3.469673912003262,-1.1413558446033656
Table 8,100.0,0.3,5,True,0.0,1.0,96.75624827829735,0.003506936865442844,0.004740011973196262,3.51935132188607,-1.1583537748705355
Table 8,100.0,0.35,5,True,0.0,1.0,96.06675291901028,0.0035247601314263386,0.004982618076557136,3.8664697131604226,-1.2781025415383858
Table 8,100.0,0.4,5,True,0.0,1.0,95.42865022344634,0.0035493985794609823,0.005271203794278642,4.266603232858887,-1.4159332132622546
Table 8,100.0,0.45,5,True,0.0,1.0,94.82913137172214,0.0035448691033051283,0.005449671525116553,4.705958104395674,-1.5667925824176059
Table 8,100.0,0.5,5,True,0.0,1.0,94.23881784726335,0.003415275831226484,0.005240484764523296,4.907835863704376,-1.6348617537956307
Table 8,120.0,0.2,5,True,0.0,1.0,68.19421234534062,0.0034952902837244856,0.005071041366812404,4.034135873866352,-1.335453826018193
Table 8,120.0,0.25,5,True,0.0,1.0,67.75932396405186,0.003573924342562638,0.005074503978633076,3.8860655737707543,-1.2853949329360055
Table 8,120.0,0.3,5,True,0.0,1.0,67.23842293725744,0.0036327343772626928,0.0052559827720154734,4.156919002427834,-1.3793864489075633
Table 8,120.0,0.35,5,True,0.0,1.0,66.75433250865633,0.0036256973159061586,0.005442721422063085,4.428599953409566,-1.4725947618889597
Table 8,120.0,0.4,5,True,0.0,1.0,66.29970804910494,0.003430541395105281,0.0050512218224431004,4.60862881915063,-1.5328416725677603
Table 8,120.0,0.45,5,True,0.0,1.0,65.87988069580759,0.0032773265564358567,0.004687391549253837,4.739857183458885,-1.5764885604661156
Table 8,120.0,0.5,5,True,0.0,1.0,65.46543620127088,0.003135222931658041,0.004518234872434548,4.41276703967437,-1.462360122075246
Table 8,140.0,0.2,5,False,0.0,1.0,50.09923565904409,0.007082175277190735,0.012514661621219147,2.1129351825644704,-0.6840267949806847
Table 8,140.0,0.25,5,True,0.0,1.0,49.82987139108868,0.0037025668538000203,0.00539946498350937,4.076994045122977,-1.3524280801811983
Table 8,140.0,0.3,5,True,0.0,1.0,49.428268387106314,0.0036408886586948583,0.005295393535644403,4.29833428558881,-1.4283830703643803
Table 8,140.0,0.35,5,True,0.0,1.0,49.05971357438563,0.003489306535070834,0.004894376850168952,4.424756732292786,-1.470921022855989
Table 8,140.0,0.4,5,True,0.0,1.0,48.7260645908004,0.003321789717093737,0.004719017858995765,4.388074246991142,-1.4561566529926937
Table 8,140.0,0.45,5,True,0.0,1.0,48.410665817308306,0.0031873316504917415,0.004546431328498442,4.119467387277501,-1.3620415368187258
Table 8,140.0,0.5,5,True,0.0,1.0,48.10082549692429,0.0031316219253916078,0.004639505623946566,4.122400579722882,-1.3614703880190624
Table 8,160.0,0.2,5,True,0.0,1.0,38.503583283689295,0.003783122766293894,0.005433492438792522,4.104115562823888,-1.3627691469065912
Table 8,160.0,0.25,5,True,0.0,1.0,38.17522970638925,0.003774594220066959,0.005317531428389127,4.079080585579607,-1.354494458886368
Table 8,160.0,0.3,5,True,0.0,1.0,37.856198519252935,0.003612099748432311,0.004954492671559366,4.145990500139641,-1.3760827046660848
Table 8,160.0,0.35,5,True,0.0,1.0,37.570251254297425,0.003364323162072618,0.00468901478888601,4.151994808419413,-1.3754867106822488
Table 8,160.0,0.4,5,True,0.0,1.0,37.30811265254312,0.003259066559329702,0.004771636099380336,4.209347082986391,-1.3931577284348309
Table 8,160.0,0.45,5,False,0.0,1.0,37.178152523467986,0.008849908378268852,0.01725445673592656,16.12883489205557,-5.5939166156806825
Table 8,160.0,0.5,5,True,0.0,1.0,36.82567687656609,0.0033705155710975192,0.005059361856231494,4.30708009112726,-1.4275570283145504
Table 8,180.0,0.2,5,True,0.0,1.0,30.449592389803758,0.003713957207927007,0.005196189594701682,4.01074503423494,-1.3304182767269934
Table 8,180.0,0.25,5,True,0.0,1.0,30.17808273657754,0.0037407186639785064,0.005001883808777901,4.109920317338833,-1.3657399352795936
Table 8,180.0,0.3,5,True,0.0,1.0,29.908768290134283,0.003143234537730609,0.003806523923898864,3.9048135961190553,-1.2890532243291082
Table 8,180.0,0.35,5,True,0.0,1.0,29.690531739034938,0.0033439793277269645,0.00491396678743483,4.248274609516929,-1.4075553941155226
Table 8,180.0,0.4,5,True,0.0,1.0,29.483272230723397,0.00336500292479792,0.005041292449766115,4.257501923570301,-1.4106181072070278
Table 8,180.0,0.45,5,True,0.0,1.0,29.285214989429164,0.0033024896303538586,0.0048576849580711364,4.36119873817051,-1.4458464773922755
Table 8,180.0,0.5,5,True,0.0,1.0,29.100002298937422,0.003272437174025601,0.004865019920889026,4.661397307065874,-1.5490328474400894
Table 8,200.0,0.2,5,True,0.0,1.0,24.644014728126866,0.004959624605681962,0.006631067624278597,1.5511682242991307,-0.4789719626168438
Table 8,200.0,0.25,5,True,0.0,1.0,24.449946368940477,0.00367049128874128,0.005135011287408495,4.213451188027842,-1.4002537960005275
Table 8,200.0,0.3,5,True,0.0,1.0,24.23911603868198,0.0035265734770085506,0.005058733343929009,4.367289550072749,-1.4513788098694373
Table 8,200.0,0.35,5,True,0.0,1.0,24.057357107238904,0.00368092948752736,0.004926294876897406,3.5466556564824865,-1.169832094687667
Table 8,200.0,0.4,5,True,0.0,1.0,23.881513938095015,0.003422030723434464,0.004930753092171242,4.269436389996694,-1.415820949619535
Table 8,200.0,0.45,5,True,0.0,1.0,23.725682824425693,0.0033159699297548753,0.004871789090442949,4.387717092703768,-1.4550449317874734
Table 8,200.0,0.5,5,True,0.0,1.0,23.573482594276534,0.003184230643902854,0.0046587317807510985,4.379886698815628,-1.451378809869424
