constant,quadratic,linear,formula,domain_q_min,domain_q_max,positive_on_full_domain,table5_a70_minimax_halfwidth_mpa,table5_a110_minimax_halfwidth_mpa,table9_a70_minimax_halfwidth_mpa,table9_a110_minimax_halfwidth_mpa,all_group_required_halfwidth_mpa,compatible_at_reported_halfwidth_0p005_mpa,is_reconstructed_assignment,is_printed_assignment,rank
0.292,-0.339,1.06,+0.292 -0.339 x^2 +1.060 x,1.0478100000000001,1.11925,True,0.0011149668214204505,0.0013696898101566075,0.002371905450164928,0.003127739887219119,0.003127739887219119,True,True,False,1
0.339,-0.292,1.06,+0.339 -0.292 x^2 +1.060 x,1.1516800000000003,1.2720000000000002,True,2.9577528386585565,1.1968867177185114,3.4255017163981956,1.3908370742012122,3.4255017163981956,False,False,False,2
-0.292,-0.339,1.06,-0.292 -0.339 x^2 +1.060 x,0.46381000000000006,0.53525,True,6.836810401777649,2.767793525914363,7.91794536864652,3.210115508578058,7.91794536864652,False,False,False,3
1.06,0.292,-0.339,+1.060 +0.292 x^2 -0.339 x,1.0404200000000001,1.2085,True,7.410033082546258,2.999932234139049,8.581810380093527,3.478957010476129,8.581810380093527,False,False,False,4
1.06,0.339,-0.292,+1.060 +0.339 x^2 -0.292 x,1.1489900000000002,1.3847500000000001,True,10.658615406474205,4.315514693693909,12.34408325242526,5.002542486600832,12.34408325242526,False,False,False,5
1.06,0.292,0.339,+1.060 +0.292 x^2 +0.339 x,1.7862200000000001,2.2255000000000003,True,13.577342287098794,5.4975151805210745,15.72434142961124,6.371425722632683,15.72434142961124,False,False,False,6
-0.339,-0.292,1.06,-0.339 -0.292 x^2 +1.060 x,0.4736800000000001,0.5940000000000001,True,14.143981717368478,5.726987861531549,16.38058219691292,6.637179679304655,16.38058219691292,False,False,False,7
1.06,0.339,0.292,+1.060 +0.339 x^2 +0.292 x,1.79139,2.26075,True,14.700585912628878,5.952396560829585,17.02520088150951,6.89822710962602,17.02520088150951,False,False,False,8
1.06,-0.292,0.339,+1.060 -0.292 x^2 +0.339 x,0.9115000000000002,1.07958,True,20.827175000502233,8.435325351065744,24.120479840086766,9.764296763565495,24.120479840086766,False,False,False,9
0.339,0.292,1.06,+0.339 +0.292 x^2 +1.060 x,1.8583200000000002,2.5860000000000003,True,23.199435144184022,9.39418619721353,26.867952802678477,10.884188357274002,26.867952802678477,False,False,False,10
0.292,0.339,1.06,+0.292 +0.339 x^2 +1.060 x,1.8681900000000002,2.64475,True,24.679383328827765,9.993522670365662,28.5819216519608,11.578284222701825,28.5819216519608,False,False,False,11
1.06,-0.339,0.292,+1.060 -0.339 x^2 +0.292 x,0.73525,0.9710099999999999,True,30.364751093033895,12.297769507577977,35.16621001488637,14.23742102610388,35.16621001488637,False,False,False,12
-0.292,0.339,1.06,-0.292 +0.339 x^2 +1.060 x,1.2841900000000002,2.06075,True,35.339759816319564,14.310668711546397,40.927997961099436,16.57800199704628,40.927997961099436,False,False,False,13
-0.339,0.292,1.06,-0.339 +0.292 x^2 +1.060 x,1.18032,1.908,True,35.9542772769661,14.559530618588745,41.639687597140174,16.866210755362136,41.639687597140174,False,False,False,14
0.339,1.06,0.292,+0.339 +1.060 x^2 +0.292 x,1.9428,3.162,True,36.523935119887156,14.790225669957689,42.29942407146215,17.133380347907845,42.29942407146215,False,False,False,15
0.292,1.06,0.339,+0.292 +1.060 x^2 +0.339 x,1.9475000000000002,3.1855,True,36.94095265926358,14.959105786090008,42.782383596337404,17.328961620884474,42.782383596337404,False,False,False,16
0.339,1.06,-0.292,+0.339 +1.060 x^2 -0.292 x,1.3004000000000002,2.2860000000000005,True,42.90784965424938,17.375527548516626,49.692811733214356,20.127436984162387,49.692811733214356,False,False,False,17
0.292,1.06,-0.339,+0.292 +1.060 x^2 -0.339 x,1.2017000000000002,2.1685,True,45.045987181769604,18.2414117856507,52.16904783098922,21.13022372559491,52.16904783098922,False,False,False,18
-0.292,1.06,0.339,-0.292 +1.060 x^2 +0.339 x,1.3635000000000002,2.6015000000000006,True,49.54620680958385,20.063871374527118,57.380876418663306,23.24082723833544,57.380876418663306,False,False,False,19
-0.339,1.06,0.292,-0.339 +1.060 x^2 +0.292 x,1.2648000000000001,2.484,True,51.85125480153647,20.997349551856594,60.050416133162585,24.32189500640204,60.050416133162585,False,False,False,20
-0.292,1.06,-0.339,-0.292 +1.060 x^2 -0.339 x,0.6177000000000001,1.5845000000000002,True,72.04013531922622,29.17326582508401,83.43171601126146,33.79048224502769,83.43171601126146,False,False,False,21
-0.339,1.06,-0.292,-0.339 +1.060 x^2 -0.292 x,0.6224000000000003,1.6080000000000003,True,72.55080344332852,29.380071736011473,84.02313486370156,34.02998565279769,84.02313486370156,False,False,False,22
-0.292,-1.06,-0.339,-0.292 -1.060 x^2 -0.339 x,-3.1855,-1.9475000000000002,False,inf,inf,inf,inf,inf,False,False,False,23
-0.292,-1.06,0.339,-0.292 -1.060 x^2 +0.339 x,-2.1685,-1.2017000000000002,False,inf,inf,inf,inf,inf,False,False,False,24
0.292,-1.06,-0.339,+0.292 -1.060 x^2 -0.339 x,-2.6015000000000006,-1.3635000000000002,False,inf,inf,inf,inf,inf,False,False,False,25
0.292,-1.06,0.339,+0.292 -1.060 x^2 +0.339 x,-1.5845000000000002,-0.6177000000000001,False,inf,inf,inf,inf,inf,False,False,True,26
-0.292,-0.339,-1.06,-0.292 -0.339 x^2 -1.060 x,-2.64475,-1.8681900000000002,False,inf,inf,inf,inf,inf,False,False,False,27
-0.292,0.339,-1.06,-0.292 +0.339 x^2 -1.060 x,-1.11925,-1.0478100000000001,False,inf,inf,inf,inf,inf,False,False,False,28
0.292,-0.339,-1.06,+0.292 -0.339 x^2 -1.060 x,-2.06075,-1.2841900000000002,False,inf,inf,inf,inf,inf,False,False,False,29
0.292,0.339,-1.06,+0.292 +0.339 x^2 -1.060 x,-0.53525,-0.46381000000000006,False,inf,inf,inf,inf,inf,False,False,False,30
-1.06,-0.292,-0.339,-1.060 -0.292 x^2 -0.339 x,-2.2255000000000003,-1.7862200000000001,False,inf,inf,inf,inf,inf,False,False,False,31
-1.06,-0.292,0.339,-1.060 -0.292 x^2 +0.339 x,-1.2085,-1.0404200000000001,False,inf,inf,inf,inf,inf,False,False,False,32
-1.06,0.292,-0.339,-1.060 +0.292 x^2 -0.339 x,-1.07958,-0.9115000000000002,False,inf,inf,inf,inf,inf,False,False,False,33
-1.06,0.292,0.339,-1.060 +0.292 x^2 +0.339 x,-0.3337799999999999,0.10549999999999993,False,inf,inf,inf,inf,inf,False,False,False,34
1.06,-0.292,-0.339,+1.060 -0.292 x^2 -0.339 x,-0.10549999999999993,0.3337799999999999,False,inf,inf,inf,inf,inf,False,False,False,35
-1.06,-0.339,-0.292,-1.060 -0.339 x^2 -0.292 x,-2.26075,-1.79139,False,inf,inf,inf,inf,inf,False,False,False,36
-1.06,-0.339,0.292,-1.060 -0.339 x^2 +0.292 x,-1.3847500000000001,-1.1489900000000002,False,inf,inf,inf,inf,inf,False,False,False,37
-1.06,0.339,-0.292,-1.060 +0.339 x^2 -0.292 x,-0.9710099999999999,-0.73525,False,inf,inf,inf,inf,inf,False,False,False,38
-1.06,0.339,0.292,-1.060 +0.339 x^2 +0.292 x,-0.32861,0.14074999999999993,False,inf,inf,inf,inf,inf,False,False,False,39
1.06,-0.339,-0.292,+1.060 -0.339 x^2 -0.292 x,-0.14074999999999993,0.32861,False,inf,inf,inf,inf,inf,False,False,False,40
-0.339,-0.292,-1.06,-0.339 -0.292 x^2 -1.060 x,-2.5860000000000003,-1.8583200000000002,False,inf,inf,inf,inf,inf,False,False,False,41
-0.339,0.292,-1.06,-0.339 +0.292 x^2 -1.060 x,-1.2720000000000002,-1.1516800000000003,False,inf,inf,inf,inf,inf,False,False,False,42
0.339,-0.292,-1.06,+0.339 -0.292 x^2 -1.060 x,-1.908,-1.18032,False,inf,inf,inf,inf,inf,False,False,False,43
0.339,0.292,-1.06,+0.339 +0.292 x^2 -1.060 x,-0.5940000000000001,-0.4736800000000001,False,inf,inf,inf,inf,inf,False,False,False,44
-0.339,-1.06,-0.292,-0.339 -1.060 x^2 -0.292 x,-3.162,-1.9428,False,inf,inf,inf,inf,inf,False,False,False,45
-0.339,-1.06,0.292,-0.339 -1.060 x^2 +0.292 x,-2.2860000000000005,-1.3004000000000002,False,inf,inf,inf,inf,inf,False,False,False,46
0.339,-1.06,-0.292,+0.339 -1.060 x^2 -0.292 x,-2.484,-1.2648000000000001,False,inf,inf,inf,inf,inf,False,False,False,47
0.339,-1.06,0.292,+0.339 -1.060 x^2 +0.292 x,-1.6080000000000003,-0.6224000000000003,False,inf,inf,inf,inf,inf,False,False,False,48
