constant,quadratic,linear,formula,domain_q_min,domain_q_max,positive_on_full_domain,nearest_compatible_groups_of_4,positive_truncation_compatible_groups_of_4,nearest_rmse_mpa_all_20_rows,is_reconstructed_assignment,is_printed_assignment,rank
0.292,-0.339,1.06,+0.292 -0.339 x^2 +1.060 x,1.0478100000000001,1.11925,True,4,4,0.001621465100145826,True,False,1
0.339,-0.292,1.06,+0.339 -0.292 x^2 +1.060 x,1.1516800000000003,1.2720000000000002,True,0,0,1.7420742448102164,False,False,2
-0.292,-0.339,1.06,-0.292 -0.339 x^2 +1.060 x,0.46381000000000006,0.53525,True,0,0,4.03020372927034,False,False,3
1.06,0.292,-0.339,+1.060 +0.292 x^2 -0.339 x,1.0404200000000001,1.2085,True,0,0,4.628229734828617,False,False,4
1.06,0.339,-0.292,+1.060 +0.339 x^2 -0.292 x,1.1489900000000002,1.3847500000000001,True,0,0,6.479592345819559,False,False,5
1.06,0.292,0.339,+1.060 +0.292 x^2 +0.339 x,1.7862200000000001,2.2255000000000003,True,0,0,8.083953803522217,False,False,6
-0.339,-0.292,1.06,-0.339 -0.292 x^2 +1.060 x,0.4736800000000001,0.5940000000000001,True,0,0,8.195610091578748,False,False,7
1.06,0.339,0.292,+1.060 +0.339 x^2 +0.292 x,1.79139,2.26075,True,0,0,8.74682323703853,False,False,8
1.06,-0.292,0.339,+1.060 -0.292 x^2 +0.339 x,0.9115000000000002,1.07958,True,0,0,12.137508253929065,False,False,9
0.339,0.292,1.06,+0.339 +0.292 x^2 +1.060 x,1.8583200000000002,2.5860000000000003,True,0,0,13.644247776914105,False,False,10
0.292,0.339,1.06,+0.292 +0.339 x^2 +1.060 x,1.8681900000000002,2.64475,True,0,0,14.507452636362101,False,False,11
1.06,-0.339,0.292,+1.060 -0.339 x^2 +0.292 x,0.73525,0.9710099999999999,True,0,0,17.616530922812064,False,False,12
-0.292,0.339,1.06,-0.292 +0.339 x^2 +1.060 x,1.2841900000000002,2.06075,True,0,0,20.63612916323047,False,False,13
-0.339,0.292,1.06,-0.339 +0.292 x^2 +1.060 x,1.18032,1.908,True,0,0,20.976279349005548,False,False,14
0.339,1.06,0.292,+0.339 +1.060 x^2 +0.292 x,1.9428,3.162,True,0,0,21.44698826581481,False,False,15
0.292,1.06,0.339,+0.292 +1.060 x^2 +0.339 x,1.9475000000000002,3.1855,True,0,0,21.682009459166476,False,False,16
0.339,1.06,-0.292,+0.339 +1.060 x^2 -0.292 x,1.3004000000000002,2.2860000000000005,True,0,0,25.179956903408346,False,False,17
0.292,1.06,-0.339,+0.292 +1.060 x^2 -0.339 x,1.2017000000000002,2.1685,True,0,0,26.40796542980384,False,False,18
-0.292,1.06,0.339,-0.292 +1.060 x^2 +0.339 x,1.3635000000000002,2.6015000000000006,True,0,0,28.837342983956148,False,False,19
-0.339,1.06,0.292,-0.339 +1.060 x^2 +0.292 x,1.2648000000000001,2.484,True,0,0,30.13393154083454,False,False,20
-0.292,1.06,-0.339,-0.292 +1.060 x^2 -0.339 x,0.6177000000000001,1.5845000000000002,True,0,0,41.32220109438569,False,False,21
-0.339,1.06,-0.292,-0.339 +1.060 x^2 -0.292 x,0.6224000000000003,1.6080000000000003,True,0,0,41.575884837114586,False,False,22
1.06,-0.292,-0.339,+1.060 -0.292 x^2 -0.339 x,-0.10549999999999993,0.3337799999999999,False,0,0,118.7116525127686,False,False,23
1.06,-0.339,-0.292,+1.060 -0.339 x^2 -0.292 x,-0.14074999999999993,0.32861,False,0,0,127.7553029817386,False,False,24
-0.292,-1.06,-0.339,-0.292 -1.060 x^2 -0.339 x,-3.1855,-1.9475000000000002,False,0,0,147.40289914041716,False,False,25
-0.292,-1.06,0.339,-0.292 -1.060 x^2 +0.339 x,-2.1685,-1.2017000000000002,False,0,0,147.40289914041716,False,False,26
0.292,-1.06,-0.339,+0.292 -1.060 x^2 -0.339 x,-2.6015000000000006,-1.3635000000000002,False,0,0,147.40289914041716,False,False,27
0.292,-1.06,0.339,+0.292 -1.060 x^2 +0.339 x,-1.5845000000000002,-0.6177000000000001,False,0,0,147.40289914041716,False,True,28
-0.292,-0.339,-1.06,-0.292 -0.339 x^2 -1.060 x,-2.64475,-1.8681900000000002,False,0,0,147.40289914041716,False,False,29
-0.292,0.339,-1.06,-0.292 +0.339 x^2 -1.060 x,-1.11925,-1.0478100000000001,False,0,0,147.40289914041716,False,False,30
0.292,-0.339,-1.06,+0.292 -0.339 x^2 -1.060 x,-2.06075,-1.2841900000000002,False,0,0,147.40289914041716,False,False,31
0.292,0.339,-1.06,+0.292 +0.339 x^2 -1.060 x,-0.53525,-0.46381000000000006,False,0,0,147.40289914041716,False,False,32
-1.06,-0.292,-0.339,-1.060 -0.292 x^2 -0.339 x,-2.2255000000000003,-1.7862200000000001,False,0,0,147.40289914041716,False,False,33
-1.06,-0.292,0.339,-1.060 -0.292 x^2 +0.339 x,-1.2085,-1.0404200000000001,False,0,0,147.40289914041716,False,False,34
-1.06,0.292,-0.339,-1.060 +0.292 x^2 -0.339 x,-1.07958,-0.9115000000000002,False,0,0,147.40289914041716,False,False,35
-1.06,0.292,0.339,-1.060 +0.292 x^2 +0.339 x,-0.3337799999999999,0.10549999999999993,False,0,0,147.40289914041716,False,False,36
-1.06,-0.339,-0.292,-1.060 -0.339 x^2 -0.292 x,-2.26075,-1.79139,False,0,0,147.40289914041716,False,False,37
-1.06,-0.339,0.292,-1.060 -0.339 x^2 +0.292 x,-1.3847500000000001,-1.1489900000000002,False,0,0,147.40289914041716,False,False,38
-1.06,0.339,-0.292,-1.060 +0.339 x^2 -0.292 x,-0.9710099999999999,-0.73525,False,0,0,147.40289914041716,False,False,39
-1.06,0.339,0.292,-1.060 +0.339 x^2 +0.292 x,-0.32861,0.14074999999999993,False,0,0,147.40289914041716,False,False,40
-0.339,-0.292,-1.06,-0.339 -0.292 x^2 -1.060 x,-2.5860000000000003,-1.8583200000000002,False,0,0,147.40289914041716,False,False,41
-0.339,0.292,-1.06,-0.339 +0.292 x^2 -1.060 x,-1.2720000000000002,-1.1516800000000003,False,0,0,147.40289914041716,False,False,42
0.339,-0.292,-1.06,+0.339 -0.292 x^2 -1.060 x,-1.908,-1.18032,False,0,0,147.40289914041716,False,False,43
0.339,0.292,-1.06,+0.339 +0.292 x^2 -1.060 x,-0.5940000000000001,-0.4736800000000001,False,0,0,147.40289914041716,False,False,44
-0.339,-1.06,-0.292,-0.339 -1.060 x^2 -0.292 x,-3.162,-1.9428,False,0,0,147.40289914041716,False,False,45
-0.339,-1.06,0.292,-0.339 -1.060 x^2 +0.292 x,-2.2860000000000005,-1.3004000000000002,False,0,0,147.40289914041716,False,False,46
0.339,-1.06,-0.292,+0.339 -1.060 x^2 -0.292 x,-2.484,-1.2648000000000001,False,0,0,147.40289914041716,False,False,47
0.339,-1.06,0.292,+0.339 -1.060 x^2 +0.292 x,-1.6080000000000003,-0.6224000000000003,False,0,0,147.40289914041716,False,False,48
