case_id,eta_w,D_over_B,r_over_t,kw_fsm,kw_equation19,ratio,L_over_H,nodes,status
1,1.2,0.1,2.5,4.64364,5.07784,0.914491,0.92384,260,ok
2,1.2,0.25,2.5,4.67039,5.07784,0.919759,0.92384,281,ok
3,1.2,0.4,2.5,4.58138,5.07784,0.90223,0.92384,301,ok
4,2.2,0.1,2.5,5.27367,5.52955,0.953726,0.820335,192,ok
5,2.2,0.25,2.5,5.29138,5.52955,0.956929,0.820335,203,ok
6,2.2,0.4,2.5,5.295,5.52955,0.957583,0.820335,215,ok
7,4.47214,0.1,2.5,5.54105,5.79852,0.955596,0.773017,148,ok
8,4.47214,0.25,2.5,5.63818,5.79852,0.972347,0.773017,153,ok
9,4.47214,0.4,2.5,5.65409,5.79852,0.975091,0.773017,159,ok
10,8,0.25,2.5,5.698,5.61074,1.01555,0.820335,133,ok
11,8,0.4,2.5,5.84298,5.61074,1.04139,0.773017,137,ok
12,12,0.25,2.5,4.91265,5.32841,0.921972,1.10409,125,ok
13,12,0.4,2.5,5.49256,5.32841,1.03081,1.0404,127,ok
14,16,0.4,2.5,4.72037,5.10855,0.924015,1.17167,123,ok
15,20,0.4,2.5,4.37045,4.94488,0.883833,1.10409,119,ok
