case_id,H_mm,B_mm,D_mm,t_mm,eta_w,D_over_B
1,250.0,208.33333333333334,20.833333333333336,1.0,1.2,0.1
2,250.0,208.33333333333334,52.083333333333336,1.0,1.2,0.25
3,250.0,208.33333333333334,83.33333333333334,1.0,1.2,0.4
4,250.0,113.63636363636363,11.363636363636363,1.0,2.2,0.1
5,250.0,113.63636363636363,28.409090909090907,1.0,2.2,0.25
6,250.0,113.63636363636363,45.45454545454545,1.0,2.2,0.4
7,250.0,55.90169943748949,5.59016994374895,1.0,4.472135955,0.1
8,250.0,55.90169943748949,13.975424859372373,1.0,4.472135955,0.25
9,250.0,55.90169943748949,22.3606797749958,1.0,4.472135955,0.4
10,250.0,31.25,7.8125,1.0,8.0,0.25
11,250.0,31.25,12.5,1.0,8.0,0.4
12,250.0,20.833333333333332,5.208333333333333,1.0,12.0,0.25
13,250.0,20.833333333333332,8.333333333333334,1.0,12.0,0.4
14,250.0,15.625,6.25,1.0,16.0,0.4
15,250.0,12.5,5.0,1.0,20.0,0.4
